schema_version,analysis_class,dimension_order,dimension,stratum_order,stratum_id,split_order,split_name,comparison_order,method_a,method_b,metric_order,metric,point_a,point_b,difference_method_a_minus_method_b,ci_lower,ci_upper,sequence_count_display,sequence_count,component_count_display,component_count,bootstrap_seed,reporting_status
1,confirmatory,0,whole_test,0,whole_test,0,random,0,esm2-35m,aac-logistic,0,accuracy,0.818181818181818,0.287878787878788,0.53030303030303,0.393939393939394,0.666666666666667,66,66,65,65,2026,reportable
1,confirmatory,0,whole_test,0,whole_test,0,random,0,esm2-35m,aac-logistic,1,balanced_accuracy,0.788406803924045,0.262278430381879,0.526128373542167,0.3525,0.682128138528139,66,66,65,65,2026,reportable
1,confirmatory,0,whole_test,0,whole_test,0,random,0,esm2-35m,aac-logistic,2,macro_f1,0.797272407441899,0.236355633162356,0.560916774279543,0.414903512440592,0.696961910075709,66,66,65,65,2026,reportable
1,confirmatory,0,whole_test,0,whole_test,0,random,1,esm2-35m,kmer3-logistic,0,accuracy,0.818181818181818,0.484848484848485,0.333333333333333,0.2,0.476923076923077,66,66,65,65,2026,reportable
1,confirmatory,0,whole_test,0,whole_test,0,random,1,esm2-35m,kmer3-logistic,1,balanced_accuracy,0.788406803924045,0.40966485621658,0.378741947707465,0.231184752747253,0.517364114114114,66,66,65,65,2026,reportable
1,confirmatory,0,whole_test,0,whole_test,0,random,1,esm2-35m,kmer3-logistic,2,macro_f1,0.797272407441899,0.357580638379033,0.439691769062866,0.275078486415602,0.574978876432749,66,66,65,65,2026,reportable
1,confirmatory,0,whole_test,0,whole_test,0,random,2,esm2-150m,aac-logistic,0,accuracy,0.803030303030303,0.287878787878788,0.515151515151515,0.384469696969697,0.651515151515151,66,66,65,65,2026,reportable
1,confirmatory,0,whole_test,0,whole_test,0,random,2,esm2-150m,aac-logistic,1,balanced_accuracy,0.779371394888636,0.262278430381879,0.517092964506758,0.337357142857143,0.68276491144845,66,66,65,65,2026,reportable
1,confirmatory,0,whole_test,0,whole_test,0,random,2,esm2-150m,aac-logistic,2,macro_f1,0.783650793650794,0.236355633162356,0.547295160488438,0.392447910177919,0.686260814518602,66,66,65,65,2026,reportable
1,confirmatory,0,whole_test,0,whole_test,0,random,3,esm2-150m,kmer3-logistic,0,accuracy,0.803030303030303,0.484848484848485,0.318181818181818,0.17910447761194,0.461538461538462,66,66,65,65,2026,reportable
1,confirmatory,0,whole_test,0,whole_test,0,random,3,esm2-150m,kmer3-logistic,1,balanced_accuracy,0.779371394888636,0.40966485621658,0.369706538672056,0.213008040935673,0.513912587412587,66,66,65,65,2026,reportable
1,confirmatory,0,whole_test,0,whole_test,0,random,3,esm2-150m,kmer3-logistic,2,macro_f1,0.783650793650794,0.357580638379033,0.426070155271761,0.268110129823469,0.570745195303344,66,66,65,65,2026,reportable
1,confirmatory,0,whole_test,0,whole_test,0,random,4,esm2-150m,esm2-35m,0,accuracy,0.803030303030303,0.818181818181818,-0.015151515151515,-0.077205882352941,0.046153846153846,66,66,65,65,2026,reportable
1,confirmatory,0,whole_test,0,whole_test,0,random,4,esm2-150m,esm2-35m,1,balanced_accuracy,0.779371394888636,0.788406803924045,-0.009035409035409,-0.086365835777126,0.070673399014778,66,66,65,65,2026,reportable
1,confirmatory,0,whole_test,0,whole_test,0,random,4,esm2-150m,esm2-35m,2,macro_f1,0.783650793650794,0.797272407441899,-0.013621613791105,-0.097884944105955,0.073241021401155,66,66,65,65,2026,reportable
1,confirmatory,0,whole_test,0,whole_test,1,cluster70,0,esm2-35m,aac-logistic,0,accuracy,0.772727272727273,0.393939393939394,0.378787878787879,0.242424242424242,0.507692307692308,66,66,64,64,2026,reportable
1,confirmatory,0,whole_test,0,whole_test,1,cluster70,0,esm2-35m,aac-logistic,1,balanced_accuracy,0.72302218853943,0.359832217590838,0.363189970948592,0.210819887955182,0.524908080808081,66,66,64,64,2026,reportable
1,confirmatory,0,whole_test,0,whole_test,1,cluster70,0,esm2-35m,aac-logistic,2,macro_f1,0.734841502583438,0.342666214811283,0.392175287772155,0.24598717481577,0.53387370526458,66,66,64,64,2026,reportable
1,confirmatory,0,whole_test,0,whole_test,1,cluster70,1,esm2-35m,kmer3-logistic,0,accuracy,0.772727272727273,0.46969696969697,0.303030303030303,0.169166666666667,0.430820895522388,66,66,64,64,2026,reportable
1,confirmatory,0,whole_test,0,whole_test,1,cluster70,1,esm2-35m,kmer3-logistic,1,balanced_accuracy,0.72302218853943,0.413545745442297,0.309476443097133,0.158728054871374,0.464922619047619,66,66,64,64,2026,reportable
1,confirmatory,0,whole_test,0,whole_test,1,cluster70,1,esm2-35m,kmer3-logistic,2,macro_f1,0.734841502583438,0.417608225108225,0.317233277475213,0.158631908453956,0.484540102495776,66,66,64,64,2026,reportable
1,confirmatory,0,whole_test,0,whole_test,1,cluster70,2,esm2-150m,aac-logistic,0,accuracy,0.848484848484849,0.393939393939394,0.454545454545455,0.328358208955224,0.590909090909091,66,66,64,64,2026,reportable
1,confirmatory,0,whole_test,0,whole_test,1,cluster70,2,esm2-150m,aac-logistic,1,balanced_accuracy,0.789318344490758,0.359832217590838,0.42948612689992,0.275710317460317,0.590014912280702,66,66,64,64,2026,reportable
1,confirmatory,0,whole_test,0,whole_test,1,cluster70,2,esm2-150m,aac-logistic,2,macro_f1,0.807065329357549,0.342666214811283,0.464399114546266,0.319582594461926,0.611494664621684,66,66,64,64,2026,reportable
1,confirmatory,0,whole_test,0,whole_test,1,cluster70,3,esm2-150m,kmer3-logistic,0,accuracy,0.848484848484849,0.46969696969697,0.378787878787879,0.257575757575758,0.5,66,66,64,64,2026,reportable
1,confirmatory,0,whole_test,0,whole_test,1,cluster70,3,esm2-150m,kmer3-logistic,1,balanced_accuracy,0.789318344490758,0.413545745442297,0.375772599048461,0.229677083333333,0.521604072398189,66,66,64,64,2026,reportable
1,confirmatory,0,whole_test,0,whole_test,1,cluster70,3,esm2-150m,kmer3-logistic,2,macro_f1,0.807065329357549,0.417608225108225,0.389457104249324,0.238697361080998,0.550584259073724,66,66,64,64,2026,reportable
1,confirmatory,0,whole_test,0,whole_test,1,cluster70,4,esm2-150m,esm2-35m,0,accuracy,0.848484848484849,0.772727272727273,0.075757575757576,-0.014492753623188,0.164179104477612,66,66,64,64,2026,reportable
1,confirmatory,0,whole_test,0,whole_test,1,cluster70,4,esm2-150m,esm2-35m,1,balanced_accuracy,0.789318344490758,0.72302218853943,0.066296155951328,-0.020067029744449,0.160469447219447,66,66,64,64,2026,reportable
1,confirmatory,0,whole_test,0,whole_test,1,cluster70,4,esm2-150m,esm2-35m,2,macro_f1,0.807065329357549,0.734841502583438,0.072223826774111,-0.009882841980313,0.165473518394169,66,66,64,64,2026,reportable
1,confirmatory,0,whole_test,0,whole_test,2,cluster50,0,esm2-35m,aac-logistic,0,accuracy,0.863636363636364,0.363636363636364,0.5,0.363603425559947,0.640625,66,66,59,59,2026,reportable
1,confirmatory,0,whole_test,0,whole_test,2,cluster50,0,esm2-35m,aac-logistic,1,balanced_accuracy,0.843652898825313,0.380107153383015,0.463545745442297,0.267903881956823,0.617389683233433,66,66,59,59,2026,reportable
1,confirmatory,0,whole_test,0,whole_test,2,cluster50,0,esm2-35m,aac-logistic,2,macro_f1,0.859952465834819,0.349027951606174,0.510924514228644,0.329053090445024,0.65835731113961,66,66,59,59,2026,reportable
1,confirmatory,0,whole_test,0,whole_test,2,cluster50,1,esm2-35m,kmer3-logistic,0,accuracy,0.863636363636364,0.46969696969697,0.393939393939394,0.265625,0.529411764705882,66,66,59,59,2026,reportable
1,confirmatory,0,whole_test,0,whole_test,2,cluster50,1,esm2-35m,kmer3-logistic,1,balanced_accuracy,0.843652898825313,0.402918824470549,0.440734074354764,0.284271062271062,0.602430506993007,66,66,59,59,2026,reportable
1,confirmatory,0,whole_test,0,whole_test,2,cluster50,1,esm2-35m,kmer3-logistic,2,macro_f1,0.859952465834819,0.389219339909877,0.470733125924942,0.320282100075838,0.623284608951255,66,66,59,59,2026,reportable
1,confirmatory,0,whole_test,0,whole_test,2,cluster50,2,esm2-150m,aac-logistic,0,accuracy,0.863636363636364,0.363636363636364,0.5,0.366197183098592,0.630769230769231,66,66,59,59,2026,reportable
1,confirmatory,0,whole_test,0,whole_test,2,cluster50,2,esm2-150m,aac-logistic,1,balanced_accuracy,0.842525577870405,0.380107153383015,0.46241842448739,0.272711627140975,0.641910561660562,66,66,59,59,2026,reportable
1,confirmatory,0,whole_test,0,whole_test,2,cluster50,2,esm2-150m,aac-logistic,2,macro_f1,0.843852566198104,0.349027951606174,0.49482461459193,0.345221056424523,0.647781255239299,66,66,59,59,2026,reportable
1,confirmatory,0,whole_test,0,whole_test,2,cluster50,3,esm2-150m,kmer3-logistic,0,accuracy,0.863636363636364,0.46969696969697,0.393939393939394,0.253968253968254,0.53125,66,66,59,59,2026,reportable
1,confirmatory,0,whole_test,0,whole_test,2,cluster50,3,esm2-150m,kmer3-logistic,1,balanced_accuracy,0.842525577870405,0.402918824470549,0.439606753399857,0.262853174603175,0.604126890018194,66,66,59,59,2026,reportable
1,confirmatory,0,whole_test,0,whole_test,2,cluster50,3,esm2-150m,kmer3-logistic,2,macro_f1,0.843852566198104,0.389219339909877,0.454633226288227,0.299717531179952,0.618694190480506,66,66,59,59,2026,reportable
1,confirmatory,0,whole_test,0,whole_test,2,cluster50,4,esm2-150m,esm2-35m,0,accuracy,0.863636363636364,0.863636363636364,0,-0.075757575757576,0.072463768115942,66,66,59,59,2026,reportable
1,confirmatory,0,whole_test,0,whole_test,2,cluster50,4,esm2-150m,esm2-35m,1,balanced_accuracy,0.842525577870405,0.843652898825313,-0.001127320954907,-0.106994172494173,0.126199350649351,66,66,59,59,2026,reportable
1,confirmatory,0,whole_test,0,whole_test,2,cluster50,4,esm2-150m,esm2-35m,2,macro_f1,0.843852566198104,0.859952465834819,-0.016099899636715,-0.128943030432475,0.122291938572334,66,66,59,59,2026,reportable
1,confirmatory,0,whole_test,0,whole_test,3,cluster30,0,esm2-35m,aac-logistic,0,accuracy,0.742424242424242,0.318181818181818,0.424242424242424,0.276884057971014,0.579769630110318,66,66,60,60,2026,reportable
1,confirmatory,0,whole_test,0,whole_test,3,cluster30,0,esm2-35m,aac-logistic,1,balanced_accuracy,0.70956275525241,0.243987621573829,0.465575133678582,0.265369047619048,0.63397694375517,66,66,60,60,2026,reportable
1,confirmatory,0,whole_test,0,whole_test,3,cluster30,0,esm2-35m,aac-logistic,2,macro_f1,0.713123522157735,0.245714285714286,0.467409236443449,0.294063569853507,0.622441535232574,66,66,60,60,2026,reportable
1,confirmatory,0,whole_test,0,whole_test,3,cluster30,1,esm2-35m,kmer3-logistic,0,accuracy,0.742424242424242,0.515151515151515,0.227272727272727,0.063467261904762,0.390625,66,66,60,60,2026,reportable
1,confirmatory,0,whole_test,0,whole_test,3,cluster30,1,esm2-35m,kmer3-logistic,1,balanced_accuracy,0.70956275525241,0.419398130605027,0.290164624647383,0.127282179808496,0.453143091008608,66,66,60,60,2026,reportable
1,confirmatory,0,whole_test,0,whole_test,3,cluster30,1,esm2-35m,kmer3-logistic,2,macro_f1,0.713123522157735,0.38857500226593,0.324548519891805,0.150960340802673,0.494309985643838,66,66,60,60,2026,reportable
1,confirmatory,0,whole_test,0,whole_test,3,cluster30,2,esm2-150m,aac-logistic,0,accuracy,0.818181818181818,0.318181818181818,0.5,0.353846153846154,0.63768115942029,66,66,60,60,2026,reportable
1,confirmatory,0,whole_test,0,whole_test,3,cluster30,2,esm2-150m,aac-logistic,1,balanced_accuracy,0.791184581701823,0.243987621573829,0.547196960127995,0.335729492729493,0.70763483044733,66,66,60,60,2026,reportable
1,confirmatory,0,whole_test,0,whole_test,3,cluster30,2,esm2-150m,aac-logistic,2,macro_f1,0.780019165560961,0.245714285714286,0.534304879846676,0.333247595034072,0.681946314618922,66,66,60,60,2026,reportable
1,confirmatory,0,whole_test,0,whole_test,3,cluster30,3,esm2-150m,kmer3-logistic,0,accuracy,0.818181818181818,0.515151515151515,0.303030303030303,0.158730158730159,0.447761194029851,66,66,60,60,2026,reportable
1,confirmatory,0,whole_test,0,whole_test,3,cluster30,3,esm2-150m,kmer3-logistic,1,balanced_accuracy,0.791184581701823,0.419398130605027,0.371786451096796,0.207631668103064,0.524333333333333,66,66,60,60,2026,reportable
1,confirmatory,0,whole_test,0,whole_test,3,cluster30,3,esm2-150m,kmer3-logistic,2,macro_f1,0.780019165560961,0.38857500226593,0.391444163295032,0.223462933067365,0.542666704640389,66,66,60,60,2026,reportable
1,confirmatory,0,whole_test,0,whole_test,3,cluster30,4,esm2-150m,esm2-35m,0,accuracy,0.818181818181818,0.742424242424242,0.075757575757576,-0.015625,0.173913043478261,66,66,60,60,2026,reportable
1,confirmatory,0,whole_test,0,whole_test,3,cluster30,4,esm2-150m,esm2-35m,1,balanced_accuracy,0.791184581701823,0.70956275525241,0.081621826449413,-0.009892857142857,0.166159538737125,66,66,60,60,2026,reportable
1,confirmatory,0,whole_test,0,whole_test,3,cluster30,4,esm2-150m,esm2-35m,2,macro_f1,0.780019165560961,0.713123522157735,0.066895643403227,-0.035608759396797,0.161580062773977,66,66,60,60,2026,reportable
1,confirmatory,1,identity,0,identity_00_20,0,random,0,esm2-35m,aac-logistic,0,accuracy,NA,NA,NA,NA,NA,<5,NA,<3,NA,NA,privacy_suppressed
1,confirmatory,1,identity,0,identity_00_20,0,random,0,esm2-35m,aac-logistic,1,balanced_accuracy,NA,NA,NA,NA,NA,<5,NA,<3,NA,NA,privacy_suppressed
1,confirmatory,1,identity,0,identity_00_20,0,random,0,esm2-35m,aac-logistic,2,macro_f1,NA,NA,NA,NA,NA,<5,NA,<3,NA,NA,privacy_suppressed
1,confirmatory,1,identity,1,identity_20_30,0,random,0,esm2-35m,aac-logistic,0,accuracy,NA,NA,NA,NA,NA,10,10,10,10,NA,insufficient_sequences
1,confirmatory,1,identity,1,identity_20_30,0,random,0,esm2-35m,aac-logistic,1,balanced_accuracy,NA,NA,NA,NA,NA,10,10,10,10,NA,insufficient_sequences
1,confirmatory,1,identity,1,identity_20_30,0,random,0,esm2-35m,aac-logistic,2,macro_f1,NA,NA,NA,NA,NA,10,10,10,10,NA,insufficient_sequences
1,confirmatory,1,identity,2,identity_30_40,0,random,0,esm2-35m,aac-logistic,0,accuracy,NA,NA,NA,NA,NA,<5,NA,<3,NA,NA,privacy_suppressed
1,confirmatory,1,identity,2,identity_30_40,0,random,0,esm2-35m,aac-logistic,1,balanced_accuracy,NA,NA,NA,NA,NA,<5,NA,<3,NA,NA,privacy_suppressed
1,confirmatory,1,identity,2,identity_30_40,0,random,0,esm2-35m,aac-logistic,2,macro_f1,NA,NA,NA,NA,NA,<5,NA,<3,NA,NA,privacy_suppressed
1,confirmatory,1,identity,3,identity_40_50,0,random,0,esm2-35m,aac-logistic,0,accuracy,NA,NA,NA,NA,NA,<5,NA,<3,NA,NA,privacy_suppressed
1,confirmatory,1,identity,3,identity_40_50,0,random,0,esm2-35m,aac-logistic,1,balanced_accuracy,NA,NA,NA,NA,NA,<5,NA,<3,NA,NA,privacy_suppressed
1,confirmatory,1,identity,3,identity_40_50,0,random,0,esm2-35m,aac-logistic,2,macro_f1,NA,NA,NA,NA,NA,<5,NA,<3,NA,NA,privacy_suppressed
1,confirmatory,1,identity,4,identity_50_70,0,random,0,esm2-35m,aac-logistic,0,accuracy,NA,NA,NA,NA,NA,<5,NA,<3,NA,NA,privacy_suppressed
1,confirmatory,1,identity,4,identity_50_70,0,random,0,esm2-35m,aac-logistic,1,balanced_accuracy,NA,NA,NA,NA,NA,<5,NA,<3,NA,NA,privacy_suppressed
1,confirmatory,1,identity,4,identity_50_70,0,random,0,esm2-35m,aac-logistic,2,macro_f1,NA,NA,NA,NA,NA,<5,NA,<3,NA,NA,privacy_suppressed
1,confirmatory,1,identity,5,identity_70_100,0,random,0,esm2-35m,aac-logistic,0,accuracy,NA,NA,NA,NA,NA,<5,NA,<3,NA,NA,privacy_suppressed
1,confirmatory,1,identity,5,identity_70_100,0,random,0,esm2-35m,aac-logistic,1,balanced_accuracy,NA,NA,NA,NA,NA,<5,NA,<3,NA,NA,privacy_suppressed
1,confirmatory,1,identity,5,identity_70_100,0,random,0,esm2-35m,aac-logistic,2,macro_f1,NA,NA,NA,NA,NA,<5,NA,<3,NA,NA,privacy_suppressed
1,confirmatory,1,identity,6,no_hit,0,random,0,esm2-35m,aac-logistic,0,accuracy,0.769230769230769,0.326923076923077,0.442307692307692,0.288461538461538,0.596153846153846,52,52,52,52,2026,reportable
1,confirmatory,1,identity,6,no_hit,0,random,0,esm2-35m,aac-logistic,1,balanced_accuracy,0.727857142857143,0.293809523809524,0.434047619047619,0.253325757575758,0.609402777777778,52,52,52,52,2026,reportable
1,confirmatory,1,identity,6,no_hit,0,random,0,esm2-35m,aac-logistic,2,macro_f1,0.736190476190476,0.252016806722689,0.484173669467787,0.312726998756492,0.645067158487327,52,52,52,52,2026,reportable
1,confirmatory,1,identity,0,identity_00_20,0,random,1,esm2-35m,kmer3-logistic,0,accuracy,NA,NA,NA,NA,NA,<5,NA,<3,NA,NA,privacy_suppressed
1,confirmatory,1,identity,0,identity_00_20,0,random,1,esm2-35m,kmer3-logistic,1,balanced_accuracy,NA,NA,NA,NA,NA,<5,NA,<3,NA,NA,privacy_suppressed
1,confirmatory,1,identity,0,identity_00_20,0,random,1,esm2-35m,kmer3-logistic,2,macro_f1,NA,NA,NA,NA,NA,<5,NA,<3,NA,NA,privacy_suppressed
1,confirmatory,1,identity,1,identity_20_30,0,random,1,esm2-35m,kmer3-logistic,0,accuracy,NA,NA,NA,NA,NA,10,10,10,10,NA,insufficient_sequences
1,confirmatory,1,identity,1,identity_20_30,0,random,1,esm2-35m,kmer3-logistic,1,balanced_accuracy,NA,NA,NA,NA,NA,10,10,10,10,NA,insufficient_sequences
1,confirmatory,1,identity,1,identity_20_30,0,random,1,esm2-35m,kmer3-logistic,2,macro_f1,NA,NA,NA,NA,NA,10,10,10,10,NA,insufficient_sequences
1,confirmatory,1,identity,2,identity_30_40,0,random,1,esm2-35m,kmer3-logistic,0,accuracy,NA,NA,NA,NA,NA,<5,NA,<3,NA,NA,privacy_suppressed
1,confirmatory,1,identity,2,identity_30_40,0,random,1,esm2-35m,kmer3-logistic,1,balanced_accuracy,NA,NA,NA,NA,NA,<5,NA,<3,NA,NA,privacy_suppressed
1,confirmatory,1,identity,2,identity_30_40,0,random,1,esm2-35m,kmer3-logistic,2,macro_f1,NA,NA,NA,NA,NA,<5,NA,<3,NA,NA,privacy_suppressed
1,confirmatory,1,identity,3,identity_40_50,0,random,1,esm2-35m,kmer3-logistic,0,accuracy,NA,NA,NA,NA,NA,<5,NA,<3,NA,NA,privacy_suppressed
1,confirmatory,1,identity,3,identity_40_50,0,random,1,esm2-35m,kmer3-logistic,1,balanced_accuracy,NA,NA,NA,NA,NA,<5,NA,<3,NA,NA,privacy_suppressed
1,confirmatory,1,identity,3,identity_40_50,0,random,1,esm2-35m,kmer3-logistic,2,macro_f1,NA,NA,NA,NA,NA,<5,NA,<3,NA,NA,privacy_suppressed
1,confirmatory,1,identity,4,identity_50_70,0,random,1,esm2-35m,kmer3-logistic,0,accuracy,NA,NA,NA,NA,NA,<5,NA,<3,NA,NA,privacy_suppressed
1,confirmatory,1,identity,4,identity_50_70,0,random,1,esm2-35m,kmer3-logistic,1,balanced_accuracy,NA,NA,NA,NA,NA,<5,NA,<3,NA,NA,privacy_suppressed
1,confirmatory,1,identity,4,identity_50_70,0,random,1,esm2-35m,kmer3-logistic,2,macro_f1,NA,NA,NA,NA,NA,<5,NA,<3,NA,NA,privacy_suppressed
1,confirmatory,1,identity,5,identity_70_100,0,random,1,esm2-35m,kmer3-logistic,0,accuracy,NA,NA,NA,NA,NA,<5,NA,<3,NA,NA,privacy_suppressed
1,confirmatory,1,identity,5,identity_70_100,0,random,1,esm2-35m,kmer3-logistic,1,balanced_accuracy,NA,NA,NA,NA,NA,<5,NA,<3,NA,NA,privacy_suppressed
1,confirmatory,1,identity,5,identity_70_100,0,random,1,esm2-35m,kmer3-logistic,2,macro_f1,NA,NA,NA,NA,NA,<5,NA,<3,NA,NA,privacy_suppressed
1,confirmatory,1,identity,6,no_hit,0,random,1,esm2-35m,kmer3-logistic,0,accuracy,0.769230769230769,0.5,0.269230769230769,0.115384615384615,0.423076923076923,52,52,52,52,2026,reportable
1,confirmatory,1,identity,6,no_hit,0,random,1,esm2-35m,kmer3-logistic,1,balanced_accuracy,0.727857142857143,0.445238095238095,0.282619047619048,0.112136904761905,0.425011363636363,52,52,52,52,2026,reportable
1,confirmatory,1,identity,6,no_hit,0,random,1,esm2-35m,kmer3-logistic,2,macro_f1,0.736190476190476,0.376945444844605,0.359245031345872,0.188112543803692,0.523711001622871,52,52,52,52,2026,reportable
1,confirmatory,1,identity,0,identity_00_20,0,random,2,esm2-150m,aac-logistic,0,accuracy,NA,NA,NA,NA,NA,<5,NA,<3,NA,NA,privacy_suppressed
1,confirmatory,1,identity,0,identity_00_20,0,random,2,esm2-150m,aac-logistic,1,balanced_accuracy,NA,NA,NA,NA,NA,<5,NA,<3,NA,NA,privacy_suppressed
1,confirmatory,1,identity,0,identity_00_20,0,random,2,esm2-150m,aac-logistic,2,macro_f1,NA,NA,NA,NA,NA,<5,NA,<3,NA,NA,privacy_suppressed
1,confirmatory,1,identity,1,identity_20_30,0,random,2,esm2-150m,aac-logistic,0,accuracy,NA,NA,NA,NA,NA,10,10,10,10,NA,insufficient_sequences
1,confirmatory,1,identity,1,identity_20_30,0,random,2,esm2-150m,aac-logistic,1,balanced_accuracy,NA,NA,NA,NA,NA,10,10,10,10,NA,insufficient_sequences
1,confirmatory,1,identity,1,identity_20_30,0,random,2,esm2-150m,aac-logistic,2,macro_f1,NA,NA,NA,NA,NA,10,10,10,10,NA,insufficient_sequences
1,confirmatory,1,identity,2,identity_30_40,0,random,2,esm2-150m,aac-logistic,0,accuracy,NA,NA,NA,NA,NA,<5,NA,<3,NA,NA,privacy_suppressed
1,confirmatory,1,identity,2,identity_30_40,0,random,2,esm2-150m,aac-logistic,1,balanced_accuracy,NA,NA,NA,NA,NA,<5,NA,<3,NA,NA,privacy_suppressed
1,confirmatory,1,identity,2,identity_30_40,0,random,2,esm2-150m,aac-logistic,2,macro_f1,NA,NA,NA,NA,NA,<5,NA,<3,NA,NA,privacy_suppressed
1,confirmatory,1,identity,3,identity_40_50,0,random,2,esm2-150m,aac-logistic,0,accuracy,NA,NA,NA,NA,NA,<5,NA,<3,NA,NA,privacy_suppressed
1,confirmatory,1,identity,3,identity_40_50,0,random,2,esm2-150m,aac-logistic,1,balanced_accuracy,NA,NA,NA,NA,NA,<5,NA,<3,NA,NA,privacy_suppressed
1,confirmatory,1,identity,3,identity_40_50,0,random,2,esm2-150m,aac-logistic,2,macro_f1,NA,NA,NA,NA,NA,<5,NA,<3,NA,NA,privacy_suppressed
1,confirmatory,1,identity,4,identity_50_70,0,random,2,esm2-150m,aac-logistic,0,accuracy,NA,NA,NA,NA,NA,<5,NA,<3,NA,NA,privacy_suppressed
1,confirmatory,1,identity,4,identity_50_70,0,random,2,esm2-150m,aac-logistic,1,balanced_accuracy,NA,NA,NA,NA,NA,<5,NA,<3,NA,NA,privacy_suppressed
1,confirmatory,1,identity,4,identity_50_70,0,random,2,esm2-150m,aac-logistic,2,macro_f1,NA,NA,NA,NA,NA,<5,NA,<3,NA,NA,privacy_suppressed
1,confirmatory,1,identity,5,identity_70_100,0,random,2,esm2-150m,aac-logistic,0,accuracy,NA,NA,NA,NA,NA,<5,NA,<3,NA,NA,privacy_suppressed
1,confirmatory,1,identity,5,identity_70_100,0,random,2,esm2-150m,aac-logistic,1,balanced_accuracy,NA,NA,NA,NA,NA,<5,NA,<3,NA,NA,privacy_suppressed
1,confirmatory,1,identity,5,identity_70_100,0,random,2,esm2-150m,aac-logistic,2,macro_f1,NA,NA,NA,NA,NA,<5,NA,<3,NA,NA,privacy_suppressed
1,confirmatory,1,identity,6,no_hit,0,random,2,esm2-150m,aac-logistic,0,accuracy,0.769230769230769,0.326923076923077,0.442307692307692,0.288461538461538,0.596153846153846,52,52,52,52,2026,reportable
1,confirmatory,1,identity,6,no_hit,0,random,2,esm2-150m,aac-logistic,1,balanced_accuracy,0.699761904761905,0.293809523809524,0.405952380952381,0.192731746031746,0.597712301587302,52,52,52,52,2026,reportable
1,confirmatory,1,identity,6,no_hit,0,random,2,esm2-150m,aac-logistic,2,macro_f1,0.706285283344107,0.252016806722689,0.454268476621418,0.26912967032967,0.627119492421475,52,52,52,52,2026,reportable
1,confirmatory,1,identity,0,identity_00_20,0,random,3,esm2-150m,kmer3-logistic,0,accuracy,NA,NA,NA,NA,NA,<5,NA,<3,NA,NA,privacy_suppressed
1,confirmatory,1,identity,0,identity_00_20,0,random,3,esm2-150m,kmer3-logistic,1,balanced_accuracy,NA,NA,NA,NA,NA,<5,NA,<3,NA,NA,privacy_suppressed
1,confirmatory,1,identity,0,identity_00_20,0,random,3,esm2-150m,kmer3-logistic,2,macro_f1,NA,NA,NA,NA,NA,<5,NA,<3,NA,NA,privacy_suppressed
1,confirmatory,1,identity,1,identity_20_30,0,random,3,esm2-150m,kmer3-logistic,0,accuracy,NA,NA,NA,NA,NA,10,10,10,10,NA,insufficient_sequences
1,confirmatory,1,identity,1,identity_20_30,0,random,3,esm2-150m,kmer3-logistic,1,balanced_accuracy,NA,NA,NA,NA,NA,10,10,10,10,NA,insufficient_sequences
1,confirmatory,1,identity,1,identity_20_30,0,random,3,esm2-150m,kmer3-logistic,2,macro_f1,NA,NA,NA,NA,NA,10,10,10,10,NA,insufficient_sequences
1,confirmatory,1,identity,2,identity_30_40,0,random,3,esm2-150m,kmer3-logistic,0,accuracy,NA,NA,NA,NA,NA,<5,NA,<3,NA,NA,privacy_suppressed
1,confirmatory,1,identity,2,identity_30_40,0,random,3,esm2-150m,kmer3-logistic,1,balanced_accuracy,NA,NA,NA,NA,NA,<5,NA,<3,NA,NA,privacy_suppressed
1,confirmatory,1,identity,2,identity_30_40,0,random,3,esm2-150m,kmer3-logistic,2,macro_f1,NA,NA,NA,NA,NA,<5,NA,<3,NA,NA,privacy_suppressed
1,confirmatory,1,identity,3,identity_40_50,0,random,3,esm2-150m,kmer3-logistic,0,accuracy,NA,NA,NA,NA,NA,<5,NA,<3,NA,NA,privacy_suppressed
1,confirmatory,1,identity,3,identity_40_50,0,random,3,esm2-150m,kmer3-logistic,1,balanced_accuracy,NA,NA,NA,NA,NA,<5,NA,<3,NA,NA,privacy_suppressed
1,confirmatory,1,identity,3,identity_40_50,0,random,3,esm2-150m,kmer3-logistic,2,macro_f1,NA,NA,NA,NA,NA,<5,NA,<3,NA,NA,privacy_suppressed
1,confirmatory,1,identity,4,identity_50_70,0,random,3,esm2-150m,kmer3-logistic,0,accuracy,NA,NA,NA,NA,NA,<5,NA,<3,NA,NA,privacy_suppressed
1,confirmatory,1,identity,4,identity_50_70,0,random,3,esm2-150m,kmer3-logistic,1,balanced_accuracy,NA,NA,NA,NA,NA,<5,NA,<3,NA,NA,privacy_suppressed
1,confirmatory,1,identity,4,identity_50_70,0,random,3,esm2-150m,kmer3-logistic,2,macro_f1,NA,NA,NA,NA,NA,<5,NA,<3,NA,NA,privacy_suppressed
1,confirmatory,1,identity,5,identity_70_100,0,random,3,esm2-150m,kmer3-logistic,0,accuracy,NA,NA,NA,NA,NA,<5,NA,<3,NA,NA,privacy_suppressed
1,confirmatory,1,identity,5,identity_70_100,0,random,3,esm2-150m,kmer3-logistic,1,balanced_accuracy,NA,NA,NA,NA,NA,<5,NA,<3,NA,NA,privacy_suppressed
1,confirmatory,1,identity,5,identity_70_100,0,random,3,esm2-150m,kmer3-logistic,2,macro_f1,NA,NA,NA,NA,NA,<5,NA,<3,NA,NA,privacy_suppressed
1,confirmatory,1,identity,6,no_hit,0,random,3,esm2-150m,kmer3-logistic,0,accuracy,0.769230769230769,0.5,0.269230769230769,0.115384615384615,0.423076923076923,52,52,52,52,2026,reportable
1,confirmatory,1,identity,6,no_hit,0,random,3,esm2-150m,kmer3-logistic,1,balanced_accuracy,0.699761904761905,0.445238095238095,0.25452380952381,0.096291062801932,0.408528388278388,52,52,52,52,2026,reportable
1,confirmatory,1,identity,6,no_hit,0,random,3,esm2-150m,kmer3-logistic,2,macro_f1,0.706285283344107,0.376945444844605,0.329339838499502,0.14933853216738,0.496338551608483,52,52,52,52,2026,reportable
1,confirmatory,1,identity,0,identity_00_20,0,random,4,esm2-150m,esm2-35m,0,accuracy,NA,NA,NA,NA,NA,<5,NA,<3,NA,NA,privacy_suppressed
1,confirmatory,1,identity,0,identity_00_20,0,random,4,esm2-150m,esm2-35m,1,balanced_accuracy,NA,NA,NA,NA,NA,<5,NA,<3,NA,NA,privacy_suppressed
1,confirmatory,1,identity,0,identity_00_20,0,random,4,esm2-150m,esm2-35m,2,macro_f1,NA,NA,NA,NA,NA,<5,NA,<3,NA,NA,privacy_suppressed
1,confirmatory,1,identity,1,identity_20_30,0,random,4,esm2-150m,esm2-35m,0,accuracy,NA,NA,NA,NA,NA,10,10,10,10,NA,insufficient_sequences
1,confirmatory,1,identity,1,identity_20_30,0,random,4,esm2-150m,esm2-35m,1,balanced_accuracy,NA,NA,NA,NA,NA,10,10,10,10,NA,insufficient_sequences
1,confirmatory,1,identity,1,identity_20_30,0,random,4,esm2-150m,esm2-35m,2,macro_f1,NA,NA,NA,NA,NA,10,10,10,10,NA,insufficient_sequences
1,confirmatory,1,identity,2,identity_30_40,0,random,4,esm2-150m,esm2-35m,0,accuracy,NA,NA,NA,NA,NA,<5,NA,<3,NA,NA,privacy_suppressed
1,confirmatory,1,identity,2,identity_30_40,0,random,4,esm2-150m,esm2-35m,1,balanced_accuracy,NA,NA,NA,NA,NA,<5,NA,<3,NA,NA,privacy_suppressed
1,confirmatory,1,identity,2,identity_30_40,0,random,4,esm2-150m,esm2-35m,2,macro_f1,NA,NA,NA,NA,NA,<5,NA,<3,NA,NA,privacy_suppressed
1,confirmatory,1,identity,3,identity_40_50,0,random,4,esm2-150m,esm2-35m,0,accuracy,NA,NA,NA,NA,NA,<5,NA,<3,NA,NA,privacy_suppressed
1,confirmatory,1,identity,3,identity_40_50,0,random,4,esm2-150m,esm2-35m,1,balanced_accuracy,NA,NA,NA,NA,NA,<5,NA,<3,NA,NA,privacy_suppressed
1,confirmatory,1,identity,3,identity_40_50,0,random,4,esm2-150m,esm2-35m,2,macro_f1,NA,NA,NA,NA,NA,<5,NA,<3,NA,NA,privacy_suppressed
1,confirmatory,1,identity,4,identity_50_70,0,random,4,esm2-150m,esm2-35m,0,accuracy,NA,NA,NA,NA,NA,<5,NA,<3,NA,NA,privacy_suppressed
1,confirmatory,1,identity,4,identity_50_70,0,random,4,esm2-150m,esm2-35m,1,balanced_accuracy,NA,NA,NA,NA,NA,<5,NA,<3,NA,NA,privacy_suppressed
1,confirmatory,1,identity,4,identity_50_70,0,random,4,esm2-150m,esm2-35m,2,macro_f1,NA,NA,NA,NA,NA,<5,NA,<3,NA,NA,privacy_suppressed
1,confirmatory,1,identity,5,identity_70_100,0,random,4,esm2-150m,esm2-35m,0,accuracy,NA,NA,NA,NA,NA,<5,NA,<3,NA,NA,privacy_suppressed
1,confirmatory,1,identity,5,identity_70_100,0,random,4,esm2-150m,esm2-35m,1,balanced_accuracy,NA,NA,NA,NA,NA,<5,NA,<3,NA,NA,privacy_suppressed
1,confirmatory,1,identity,5,identity_70_100,0,random,4,esm2-150m,esm2-35m,2,macro_f1,NA,NA,NA,NA,NA,<5,NA,<3,NA,NA,privacy_suppressed
1,confirmatory,1,identity,6,no_hit,0,random,4,esm2-150m,esm2-35m,0,accuracy,0.769230769230769,0.769230769230769,0,-0.076923076923077,0.076923076923077,52,52,52,52,2026,reportable
1,confirmatory,1,identity,6,no_hit,0,random,4,esm2-150m,esm2-35m,1,balanced_accuracy,0.699761904761905,0.727857142857143,-0.028095238095238,-0.140041666666667,0.074097222222222,52,52,52,52,2026,reportable
1,confirmatory,1,identity,6,no_hit,0,random,4,esm2-150m,esm2-35m,2,macro_f1,0.706285283344107,0.736190476190476,-0.029905192846369,-0.144601115707288,0.081993247175542,52,52,52,52,2026,reportable
1,confirmatory,1,identity,0,identity_00_20,1,cluster70,0,esm2-35m,aac-logistic,0,accuracy,NA,NA,NA,NA,NA,<5,NA,<3,NA,NA,privacy_suppressed
1,confirmatory,1,identity,0,identity_00_20,1,cluster70,0,esm2-35m,aac-logistic,1,balanced_accuracy,NA,NA,NA,NA,NA,<5,NA,<3,NA,NA,privacy_suppressed
1,confirmatory,1,identity,0,identity_00_20,1,cluster70,0,esm2-35m,aac-logistic,2,macro_f1,NA,NA,NA,NA,NA,<5,NA,<3,NA,NA,privacy_suppressed
1,confirmatory,1,identity,1,identity_20_30,1,cluster70,0,esm2-35m,aac-logistic,0,accuracy,NA,NA,NA,NA,NA,7,7,7,7,NA,insufficient_sequences
1,confirmatory,1,identity,1,identity_20_30,1,cluster70,0,esm2-35m,aac-logistic,1,balanced_accuracy,NA,NA,NA,NA,NA,7,7,7,7,NA,insufficient_sequences
1,confirmatory,1,identity,1,identity_20_30,1,cluster70,0,esm2-35m,aac-logistic,2,macro_f1,NA,NA,NA,NA,NA,7,7,7,7,NA,insufficient_sequences
1,confirmatory,1,identity,2,identity_30_40,1,cluster70,0,esm2-35m,aac-logistic,0,accuracy,NA,NA,NA,NA,NA,<5,NA,3,NA,NA,privacy_suppressed
1,confirmatory,1,identity,2,identity_30_40,1,cluster70,0,esm2-35m,aac-logistic,1,balanced_accuracy,NA,NA,NA,NA,NA,<5,NA,3,NA,NA,privacy_suppressed
1,confirmatory,1,identity,2,identity_30_40,1,cluster70,0,esm2-35m,aac-logistic,2,macro_f1,NA,NA,NA,NA,NA,<5,NA,3,NA,NA,privacy_suppressed
1,confirmatory,1,identity,3,identity_40_50,1,cluster70,0,esm2-35m,aac-logistic,0,accuracy,NA,NA,NA,NA,NA,<5,NA,<3,NA,NA,privacy_suppressed
1,confirmatory,1,identity,3,identity_40_50,1,cluster70,0,esm2-35m,aac-logistic,1,balanced_accuracy,NA,NA,NA,NA,NA,<5,NA,<3,NA,NA,privacy_suppressed
1,confirmatory,1,identity,3,identity_40_50,1,cluster70,0,esm2-35m,aac-logistic,2,macro_f1,NA,NA,NA,NA,NA,<5,NA,<3,NA,NA,privacy_suppressed
1,confirmatory,1,identity,4,identity_50_70,1,cluster70,0,esm2-35m,aac-logistic,0,accuracy,NA,NA,NA,NA,NA,<5,NA,<3,NA,NA,privacy_suppressed
1,confirmatory,1,identity,4,identity_50_70,1,cluster70,0,esm2-35m,aac-logistic,1,balanced_accuracy,NA,NA,NA,NA,NA,<5,NA,<3,NA,NA,privacy_suppressed
1,confirmatory,1,identity,4,identity_50_70,1,cluster70,0,esm2-35m,aac-logistic,2,macro_f1,NA,NA,NA,NA,NA,<5,NA,<3,NA,NA,privacy_suppressed
1,confirmatory,1,identity,5,identity_70_100,1,cluster70,0,esm2-35m,aac-logistic,0,accuracy,NA,NA,NA,NA,NA,<5,NA,<3,NA,NA,privacy_suppressed
1,confirmatory,1,identity,5,identity_70_100,1,cluster70,0,esm2-35m,aac-logistic,1,balanced_accuracy,NA,NA,NA,NA,NA,<5,NA,<3,NA,NA,privacy_suppressed
1,confirmatory,1,identity,5,identity_70_100,1,cluster70,0,esm2-35m,aac-logistic,2,macro_f1,NA,NA,NA,NA,NA,<5,NA,<3,NA,NA,privacy_suppressed
1,confirmatory,1,identity,6,no_hit,1,cluster70,0,esm2-35m,aac-logistic,0,accuracy,0.711538461538462,0.365384615384615,0.346153846153846,0.192307692307692,0.5,52,52,51,51,2026,reportable
1,confirmatory,1,identity,6,no_hit,1,cluster70,0,esm2-35m,aac-logistic,1,balanced_accuracy,0.63025641025641,0.303974358974359,0.326282051282051,0.139641446725318,0.533049107142857,52,52,51,51,2026,reportable
1,confirmatory,1,identity,6,no_hit,1,cluster70,0,esm2-35m,aac-logistic,2,macro_f1,0.622619047619048,0.285402275742833,0.337216771876215,0.158520478249193,0.511993639814292,52,52,51,51,2026,reportable
1,confirmatory,1,identity,0,identity_00_20,1,cluster70,1,esm2-35m,kmer3-logistic,0,accuracy,NA,NA,NA,NA,NA,<5,NA,<3,NA,NA,privacy_suppressed
1,confirmatory,1,identity,0,identity_00_20,1,cluster70,1,esm2-35m,kmer3-logistic,1,balanced_accuracy,NA,NA,NA,NA,NA,<5,NA,<3,NA,NA,privacy_suppressed
1,confirmatory,1,identity,0,identity_00_20,1,cluster70,1,esm2-35m,kmer3-logistic,2,macro_f1,NA,NA,NA,NA,NA,<5,NA,<3,NA,NA,privacy_suppressed
1,confirmatory,1,identity,1,identity_20_30,1,cluster70,1,esm2-35m,kmer3-logistic,0,accuracy,NA,NA,NA,NA,NA,7,7,7,7,NA,insufficient_sequences
1,confirmatory,1,identity,1,identity_20_30,1,cluster70,1,esm2-35m,kmer3-logistic,1,balanced_accuracy,NA,NA,NA,NA,NA,7,7,7,7,NA,insufficient_sequences
1,confirmatory,1,identity,1,identity_20_30,1,cluster70,1,esm2-35m,kmer3-logistic,2,macro_f1,NA,NA,NA,NA,NA,7,7,7,7,NA,insufficient_sequences
1,confirmatory,1,identity,2,identity_30_40,1,cluster70,1,esm2-35m,kmer3-logistic,0,accuracy,NA,NA,NA,NA,NA,<5,NA,3,NA,NA,privacy_suppressed
1,confirmatory,1,identity,2,identity_30_40,1,cluster70,1,esm2-35m,kmer3-logistic,1,balanced_accuracy,NA,NA,NA,NA,NA,<5,NA,3,NA,NA,privacy_suppressed
1,confirmatory,1,identity,2,identity_30_40,1,cluster70,1,esm2-35m,kmer3-logistic,2,macro_f1,NA,NA,NA,NA,NA,<5,NA,3,NA,NA,privacy_suppressed
1,confirmatory,1,identity,3,identity_40_50,1,cluster70,1,esm2-35m,kmer3-logistic,0,accuracy,NA,NA,NA,NA,NA,<5,NA,<3,NA,NA,privacy_suppressed
1,confirmatory,1,identity,3,identity_40_50,1,cluster70,1,esm2-35m,kmer3-logistic,1,balanced_accuracy,NA,NA,NA,NA,NA,<5,NA,<3,NA,NA,privacy_suppressed
1,confirmatory,1,identity,3,identity_40_50,1,cluster70,1,esm2-35m,kmer3-logistic,2,macro_f1,NA,NA,NA,NA,NA,<5,NA,<3,NA,NA,privacy_suppressed
1,confirmatory,1,identity,4,identity_50_70,1,cluster70,1,esm2-35m,kmer3-logistic,0,accuracy,NA,NA,NA,NA,NA,<5,NA,<3,NA,NA,privacy_suppressed
1,confirmatory,1,identity,4,identity_50_70,1,cluster70,1,esm2-35m,kmer3-logistic,1,balanced_accuracy,NA,NA,NA,NA,NA,<5,NA,<3,NA,NA,privacy_suppressed
1,confirmatory,1,identity,4,identity_50_70,1,cluster70,1,esm2-35m,kmer3-logistic,2,macro_f1,NA,NA,NA,NA,NA,<5,NA,<3,NA,NA,privacy_suppressed
1,confirmatory,1,identity,5,identity_70_100,1,cluster70,1,esm2-35m,kmer3-logistic,0,accuracy,NA,NA,NA,NA,NA,<5,NA,<3,NA,NA,privacy_suppressed
1,confirmatory,1,identity,5,identity_70_100,1,cluster70,1,esm2-35m,kmer3-logistic,1,balanced_accuracy,NA,NA,NA,NA,NA,<5,NA,<3,NA,NA,privacy_suppressed
1,confirmatory,1,identity,5,identity_70_100,1,cluster70,1,esm2-35m,kmer3-logistic,2,macro_f1,NA,NA,NA,NA,NA,<5,NA,<3,NA,NA,privacy_suppressed
1,confirmatory,1,identity,6,no_hit,1,cluster70,1,esm2-35m,kmer3-logistic,0,accuracy,0.711538461538462,0.403846153846154,0.307692307692308,0.150943396226415,0.453047895500725,52,52,51,51,2026,reportable
1,confirmatory,1,identity,6,no_hit,1,cluster70,1,esm2-35m,kmer3-logistic,1,balanced_accuracy,0.63025641025641,0.238076923076923,0.392179487179487,0.18,0.56500328407225,52,52,51,51,2026,reportable
1,confirmatory,1,identity,6,no_hit,1,cluster70,1,esm2-35m,kmer3-logistic,2,macro_f1,0.622619047619048,0.239339525283798,0.38327952233525,0.191487339112866,0.554779187109054,52,52,51,51,2026,reportable
1,confirmatory,1,identity,0,identity_00_20,1,cluster70,2,esm2-150m,aac-logistic,0,accuracy,NA,NA,NA,NA,NA,<5,NA,<3,NA,NA,privacy_suppressed
1,confirmatory,1,identity,0,identity_00_20,1,cluster70,2,esm2-150m,aac-logistic,1,balanced_accuracy,NA,NA,NA,NA,NA,<5,NA,<3,NA,NA,privacy_suppressed
1,confirmatory,1,identity,0,identity_00_20,1,cluster70,2,esm2-150m,aac-logistic,2,macro_f1,NA,NA,NA,NA,NA,<5,NA,<3,NA,NA,privacy_suppressed
1,confirmatory,1,identity,1,identity_20_30,1,cluster70,2,esm2-150m,aac-logistic,0,accuracy,NA,NA,NA,NA,NA,7,7,7,7,NA,insufficient_sequences
1,confirmatory,1,identity,1,identity_20_30,1,cluster70,2,esm2-150m,aac-logistic,1,balanced_accuracy,NA,NA,NA,NA,NA,7,7,7,7,NA,insufficient_sequences
1,confirmatory,1,identity,1,identity_20_30,1,cluster70,2,esm2-150m,aac-logistic,2,macro_f1,NA,NA,NA,NA,NA,7,7,7,7,NA,insufficient_sequences
1,confirmatory,1,identity,2,identity_30_40,1,cluster70,2,esm2-150m,aac-logistic,0,accuracy,NA,NA,NA,NA,NA,<5,NA,3,NA,NA,privacy_suppressed
1,confirmatory,1,identity,2,identity_30_40,1,cluster70,2,esm2-150m,aac-logistic,1,balanced_accuracy,NA,NA,NA,NA,NA,<5,NA,3,NA,NA,privacy_suppressed
1,confirmatory,1,identity,2,identity_30_40,1,cluster70,2,esm2-150m,aac-logistic,2,macro_f1,NA,NA,NA,NA,NA,<5,NA,3,NA,NA,privacy_suppressed
1,confirmatory,1,identity,3,identity_40_50,1,cluster70,2,esm2-150m,aac-logistic,0,accuracy,NA,NA,NA,NA,NA,<5,NA,<3,NA,NA,privacy_suppressed
1,confirmatory,1,identity,3,identity_40_50,1,cluster70,2,esm2-150m,aac-logistic,1,balanced_accuracy,NA,NA,NA,NA,NA,<5,NA,<3,NA,NA,privacy_suppressed
1,confirmatory,1,identity,3,identity_40_50,1,cluster70,2,esm2-150m,aac-logistic,2,macro_f1,NA,NA,NA,NA,NA,<5,NA,<3,NA,NA,privacy_suppressed
1,confirmatory,1,identity,4,identity_50_70,1,cluster70,2,esm2-150m,aac-logistic,0,accuracy,NA,NA,NA,NA,NA,<5,NA,<3,NA,NA,privacy_suppressed
1,confirmatory,1,identity,4,identity_50_70,1,cluster70,2,esm2-150m,aac-logistic,1,balanced_accuracy,NA,NA,NA,NA,NA,<5,NA,<3,NA,NA,privacy_suppressed
1,confirmatory,1,identity,4,identity_50_70,1,cluster70,2,esm2-150m,aac-logistic,2,macro_f1,NA,NA,NA,NA,NA,<5,NA,<3,NA,NA,privacy_suppressed
1,confirmatory,1,identity,5,identity_70_100,1,cluster70,2,esm2-150m,aac-logistic,0,accuracy,NA,NA,NA,NA,NA,<5,NA,<3,NA,NA,privacy_suppressed
1,confirmatory,1,identity,5,identity_70_100,1,cluster70,2,esm2-150m,aac-logistic,1,balanced_accuracy,NA,NA,NA,NA,NA,<5,NA,<3,NA,NA,privacy_suppressed
1,confirmatory,1,identity,5,identity_70_100,1,cluster70,2,esm2-150m,aac-logistic,2,macro_f1,NA,NA,NA,NA,NA,<5,NA,<3,NA,NA,privacy_suppressed
1,confirmatory,1,identity,6,no_hit,1,cluster70,2,esm2-150m,aac-logistic,0,accuracy,0.826923076923077,0.365384615384615,0.461538461538462,0.326923076923077,0.588235294117647,52,52,51,51,2026,reportable
1,confirmatory,1,identity,6,no_hit,1,cluster70,2,esm2-150m,aac-logistic,1,balanced_accuracy,0.745641025641026,0.303974358974359,0.441666666666667,0.261107142857143,0.636337998208688,52,52,51,51,2026,reportable
1,confirmatory,1,identity,6,no_hit,1,cluster70,2,esm2-150m,aac-logistic,2,macro_f1,0.757858282068808,0.285402275742833,0.472456006325975,0.28333613004433,0.633515950411468,52,52,51,51,2026,reportable
1,confirmatory,1,identity,0,identity_00_20,1,cluster70,3,esm2-150m,kmer3-logistic,0,accuracy,NA,NA,NA,NA,NA,<5,NA,<3,NA,NA,privacy_suppressed
1,confirmatory,1,identity,0,identity_00_20,1,cluster70,3,esm2-150m,kmer3-logistic,1,balanced_accuracy,NA,NA,NA,NA,NA,<5,NA,<3,NA,NA,privacy_suppressed
1,confirmatory,1,identity,0,identity_00_20,1,cluster70,3,esm2-150m,kmer3-logistic,2,macro_f1,NA,NA,NA,NA,NA,<5,NA,<3,NA,NA,privacy_suppressed
1,confirmatory,1,identity,1,identity_20_30,1,cluster70,3,esm2-150m,kmer3-logistic,0,accuracy,NA,NA,NA,NA,NA,7,7,7,7,NA,insufficient_sequences
1,confirmatory,1,identity,1,identity_20_30,1,cluster70,3,esm2-150m,kmer3-logistic,1,balanced_accuracy,NA,NA,NA,NA,NA,7,7,7,7,NA,insufficient_sequences
1,confirmatory,1,identity,1,identity_20_30,1,cluster70,3,esm2-150m,kmer3-logistic,2,macro_f1,NA,NA,NA,NA,NA,7,7,7,7,NA,insufficient_sequences
1,confirmatory,1,identity,2,identity_30_40,1,cluster70,3,esm2-150m,kmer3-logistic,0,accuracy,NA,NA,NA,NA,NA,<5,NA,3,NA,NA,privacy_suppressed
1,confirmatory,1,identity,2,identity_30_40,1,cluster70,3,esm2-150m,kmer3-logistic,1,balanced_accuracy,NA,NA,NA,NA,NA,<5,NA,3,NA,NA,privacy_suppressed
1,confirmatory,1,identity,2,identity_30_40,1,cluster70,3,esm2-150m,kmer3-logistic,2,macro_f1,NA,NA,NA,NA,NA,<5,NA,3,NA,NA,privacy_suppressed
1,confirmatory,1,identity,3,identity_40_50,1,cluster70,3,esm2-150m,kmer3-logistic,0,accuracy,NA,NA,NA,NA,NA,<5,NA,<3,NA,NA,privacy_suppressed
1,confirmatory,1,identity,3,identity_40_50,1,cluster70,3,esm2-150m,kmer3-logistic,1,balanced_accuracy,NA,NA,NA,NA,NA,<5,NA,<3,NA,NA,privacy_suppressed
1,confirmatory,1,identity,3,identity_40_50,1,cluster70,3,esm2-150m,kmer3-logistic,2,macro_f1,NA,NA,NA,NA,NA,<5,NA,<3,NA,NA,privacy_suppressed
1,confirmatory,1,identity,4,identity_50_70,1,cluster70,3,esm2-150m,kmer3-logistic,0,accuracy,NA,NA,NA,NA,NA,<5,NA,<3,NA,NA,privacy_suppressed
1,confirmatory,1,identity,4,identity_50_70,1,cluster70,3,esm2-150m,kmer3-logistic,1,balanced_accuracy,NA,NA,NA,NA,NA,<5,NA,<3,NA,NA,privacy_suppressed
1,confirmatory,1,identity,4,identity_50_70,1,cluster70,3,esm2-150m,kmer3-logistic,2,macro_f1,NA,NA,NA,NA,NA,<5,NA,<3,NA,NA,privacy_suppressed
1,confirmatory,1,identity,5,identity_70_100,1,cluster70,3,esm2-150m,kmer3-logistic,0,accuracy,NA,NA,NA,NA,NA,<5,NA,<3,NA,NA,privacy_suppressed
1,confirmatory,1,identity,5,identity_70_100,1,cluster70,3,esm2-150m,kmer3-logistic,1,balanced_accuracy,NA,NA,NA,NA,NA,<5,NA,<3,NA,NA,privacy_suppressed
1,confirmatory,1,identity,5,identity_70_100,1,cluster70,3,esm2-150m,kmer3-logistic,2,macro_f1,NA,NA,NA,NA,NA,<5,NA,<3,NA,NA,privacy_suppressed
1,confirmatory,1,identity,6,no_hit,1,cluster70,3,esm2-150m,kmer3-logistic,0,accuracy,0.826923076923077,0.403846153846154,0.423076923076923,0.269230769230769,0.568627450980392,52,52,51,51,2026,reportable
1,confirmatory,1,identity,6,no_hit,1,cluster70,3,esm2-150m,kmer3-logistic,1,balanced_accuracy,0.745641025641026,0.238076923076923,0.507564102564103,0.306191372247824,0.675385057471264,52,52,51,51,2026,reportable
1,confirmatory,1,identity,6,no_hit,1,cluster70,3,esm2-150m,kmer3-logistic,2,macro_f1,0.757858282068808,0.239339525283798,0.518518756785011,0.293152003267467,0.671556534045665,52,52,51,51,2026,reportable
1,confirmatory,1,identity,0,identity_00_20,1,cluster70,4,esm2-150m,esm2-35m,0,accuracy,NA,NA,NA,NA,NA,<5,NA,<3,NA,NA,privacy_suppressed
1,confirmatory,1,identity,0,identity_00_20,1,cluster70,4,esm2-150m,esm2-35m,1,balanced_accuracy,NA,NA,NA,NA,NA,<5,NA,<3,NA,NA,privacy_suppressed
1,confirmatory,1,identity,0,identity_00_20,1,cluster70,4,esm2-150m,esm2-35m,2,macro_f1,NA,NA,NA,NA,NA,<5,NA,<3,NA,NA,privacy_suppressed
1,confirmatory,1,identity,1,identity_20_30,1,cluster70,4,esm2-150m,esm2-35m,0,accuracy,NA,NA,NA,NA,NA,7,7,7,7,NA,insufficient_sequences
1,confirmatory,1,identity,1,identity_20_30,1,cluster70,4,esm2-150m,esm2-35m,1,balanced_accuracy,NA,NA,NA,NA,NA,7,7,7,7,NA,insufficient_sequences
1,confirmatory,1,identity,1,identity_20_30,1,cluster70,4,esm2-150m,esm2-35m,2,macro_f1,NA,NA,NA,NA,NA,7,7,7,7,NA,insufficient_sequences
1,confirmatory,1,identity,2,identity_30_40,1,cluster70,4,esm2-150m,esm2-35m,0,accuracy,NA,NA,NA,NA,NA,<5,NA,3,NA,NA,privacy_suppressed
1,confirmatory,1,identity,2,identity_30_40,1,cluster70,4,esm2-150m,esm2-35m,1,balanced_accuracy,NA,NA,NA,NA,NA,<5,NA,3,NA,NA,privacy_suppressed
1,confirmatory,1,identity,2,identity_30_40,1,cluster70,4,esm2-150m,esm2-35m,2,macro_f1,NA,NA,NA,NA,NA,<5,NA,3,NA,NA,privacy_suppressed
1,confirmatory,1,identity,3,identity_40_50,1,cluster70,4,esm2-150m,esm2-35m,0,accuracy,NA,NA,NA,NA,NA,<5,NA,<3,NA,NA,privacy_suppressed
1,confirmatory,1,identity,3,identity_40_50,1,cluster70,4,esm2-150m,esm2-35m,1,balanced_accuracy,NA,NA,NA,NA,NA,<5,NA,<3,NA,NA,privacy_suppressed
1,confirmatory,1,identity,3,identity_40_50,1,cluster70,4,esm2-150m,esm2-35m,2,macro_f1,NA,NA,NA,NA,NA,<5,NA,<3,NA,NA,privacy_suppressed
1,confirmatory,1,identity,4,identity_50_70,1,cluster70,4,esm2-150m,esm2-35m,0,accuracy,NA,NA,NA,NA,NA,<5,NA,<3,NA,NA,privacy_suppressed
1,confirmatory,1,identity,4,identity_50_70,1,cluster70,4,esm2-150m,esm2-35m,1,balanced_accuracy,NA,NA,NA,NA,NA,<5,NA,<3,NA,NA,privacy_suppressed
1,confirmatory,1,identity,4,identity_50_70,1,cluster70,4,esm2-150m,esm2-35m,2,macro_f1,NA,NA,NA,NA,NA,<5,NA,<3,NA,NA,privacy_suppressed
1,confirmatory,1,identity,5,identity_70_100,1,cluster70,4,esm2-150m,esm2-35m,0,accuracy,NA,NA,NA,NA,NA,<5,NA,<3,NA,NA,privacy_suppressed
1,confirmatory,1,identity,5,identity_70_100,1,cluster70,4,esm2-150m,esm2-35m,1,balanced_accuracy,NA,NA,NA,NA,NA,<5,NA,<3,NA,NA,privacy_suppressed
1,confirmatory,1,identity,5,identity_70_100,1,cluster70,4,esm2-150m,esm2-35m,2,macro_f1,NA,NA,NA,NA,NA,<5,NA,<3,NA,NA,privacy_suppressed
1,confirmatory,1,identity,6,no_hit,1,cluster70,4,esm2-150m,esm2-35m,0,accuracy,0.826923076923077,0.711538461538462,0.115384615384615,0.019230769230769,0.215686274509804,52,52,51,51,2026,reportable
1,confirmatory,1,identity,6,no_hit,1,cluster70,4,esm2-150m,esm2-35m,1,balanced_accuracy,0.745641025641026,0.63025641025641,0.115384615384615,0.025325,0.239529304029304,52,52,51,51,2026,reportable
1,confirmatory,1,identity,6,no_hit,1,cluster70,4,esm2-150m,esm2-35m,2,macro_f1,0.757858282068808,0.622619047619048,0.135239234449761,0.026744015788133,0.24667725482815,52,52,51,51,2026,reportable
1,confirmatory,1,identity,0,identity_00_20,2,cluster50,0,esm2-35m,aac-logistic,0,accuracy,NA,NA,NA,NA,NA,<5,NA,<3,NA,NA,privacy_suppressed
1,confirmatory,1,identity,0,identity_00_20,2,cluster50,0,esm2-35m,aac-logistic,1,balanced_accuracy,NA,NA,NA,NA,NA,<5,NA,<3,NA,NA,privacy_suppressed
1,confirmatory,1,identity,0,identity_00_20,2,cluster50,0,esm2-35m,aac-logistic,2,macro_f1,NA,NA,NA,NA,NA,<5,NA,<3,NA,NA,privacy_suppressed
1,confirmatory,1,identity,1,identity_20_30,2,cluster50,0,esm2-35m,aac-logistic,0,accuracy,NA,NA,NA,NA,NA,5,5,4,4,NA,insufficient_sequences
1,confirmatory,1,identity,1,identity_20_30,2,cluster50,0,esm2-35m,aac-logistic,1,balanced_accuracy,NA,NA,NA,NA,NA,5,5,4,4,NA,insufficient_sequences
1,confirmatory,1,identity,1,identity_20_30,2,cluster50,0,esm2-35m,aac-logistic,2,macro_f1,NA,NA,NA,NA,NA,5,5,4,4,NA,insufficient_sequences
1,confirmatory,1,identity,2,identity_30_40,2,cluster50,0,esm2-35m,aac-logistic,0,accuracy,NA,NA,NA,NA,NA,8,8,7,7,NA,insufficient_sequences
1,confirmatory,1,identity,2,identity_30_40,2,cluster50,0,esm2-35m,aac-logistic,1,balanced_accuracy,NA,NA,NA,NA,NA,8,8,7,7,NA,insufficient_sequences
1,confirmatory,1,identity,2,identity_30_40,2,cluster50,0,esm2-35m,aac-logistic,2,macro_f1,NA,NA,NA,NA,NA,8,8,7,7,NA,insufficient_sequences
1,confirmatory,1,identity,3,identity_40_50,2,cluster50,0,esm2-35m,aac-logistic,0,accuracy,NA,NA,NA,NA,NA,<5,NA,4,NA,NA,privacy_suppressed
1,confirmatory,1,identity,3,identity_40_50,2,cluster50,0,esm2-35m,aac-logistic,1,balanced_accuracy,NA,NA,NA,NA,NA,<5,NA,4,NA,NA,privacy_suppressed
1,confirmatory,1,identity,3,identity_40_50,2,cluster50,0,esm2-35m,aac-logistic,2,macro_f1,NA,NA,NA,NA,NA,<5,NA,4,NA,NA,privacy_suppressed
1,confirmatory,1,identity,4,identity_50_70,2,cluster50,0,esm2-35m,aac-logistic,0,accuracy,NA,NA,NA,NA,NA,<5,NA,<3,NA,NA,privacy_suppressed
1,confirmatory,1,identity,4,identity_50_70,2,cluster50,0,esm2-35m,aac-logistic,1,balanced_accuracy,NA,NA,NA,NA,NA,<5,NA,<3,NA,NA,privacy_suppressed
1,confirmatory,1,identity,4,identity_50_70,2,cluster50,0,esm2-35m,aac-logistic,2,macro_f1,NA,NA,NA,NA,NA,<5,NA,<3,NA,NA,privacy_suppressed
1,confirmatory,1,identity,5,identity_70_100,2,cluster50,0,esm2-35m,aac-logistic,0,accuracy,NA,NA,NA,NA,NA,<5,NA,<3,NA,NA,privacy_suppressed
1,confirmatory,1,identity,5,identity_70_100,2,cluster50,0,esm2-35m,aac-logistic,1,balanced_accuracy,NA,NA,NA,NA,NA,<5,NA,<3,NA,NA,privacy_suppressed
1,confirmatory,1,identity,5,identity_70_100,2,cluster50,0,esm2-35m,aac-logistic,2,macro_f1,NA,NA,NA,NA,NA,<5,NA,<3,NA,NA,privacy_suppressed
1,confirmatory,1,identity,6,no_hit,2,cluster50,0,esm2-35m,aac-logistic,0,accuracy,0.816326530612245,0.326530612244898,0.489795918367347,0.313725490196078,0.653061224489796,49,49,45,45,2026,reportable
1,confirmatory,1,identity,6,no_hit,2,cluster50,0,esm2-35m,aac-logistic,1,balanced_accuracy,0.758666666666667,0.34415873015873,0.414507936507937,0.144779653679654,0.600491935483871,49,49,45,45,2026,reportable
1,confirmatory,1,identity,6,no_hit,2,cluster50,0,esm2-35m,aac-logistic,2,macro_f1,0.78025974025974,0.29529601029601,0.48496372996373,0.241856124267889,0.641005632456571,49,49,45,45,2026,reportable
1,confirmatory,1,identity,0,identity_00_20,2,cluster50,1,esm2-35m,kmer3-logistic,0,accuracy,NA,NA,NA,NA,NA,<5,NA,<3,NA,NA,privacy_suppressed
1,confirmatory,1,identity,0,identity_00_20,2,cluster50,1,esm2-35m,kmer3-logistic,1,balanced_accuracy,NA,NA,NA,NA,NA,<5,NA,<3,NA,NA,privacy_suppressed
1,confirmatory,1,identity,0,identity_00_20,2,cluster50,1,esm2-35m,kmer3-logistic,2,macro_f1,NA,NA,NA,NA,NA,<5,NA,<3,NA,NA,privacy_suppressed
1,confirmatory,1,identity,1,identity_20_30,2,cluster50,1,esm2-35m,kmer3-logistic,0,accuracy,NA,NA,NA,NA,NA,5,5,4,4,NA,insufficient_sequences
1,confirmatory,1,identity,1,identity_20_30,2,cluster50,1,esm2-35m,kmer3-logistic,1,balanced_accuracy,NA,NA,NA,NA,NA,5,5,4,4,NA,insufficient_sequences
1,confirmatory,1,identity,1,identity_20_30,2,cluster50,1,esm2-35m,kmer3-logistic,2,macro_f1,NA,NA,NA,NA,NA,5,5,4,4,NA,insufficient_sequences
1,confirmatory,1,identity,2,identity_30_40,2,cluster50,1,esm2-35m,kmer3-logistic,0,accuracy,NA,NA,NA,NA,NA,8,8,7,7,NA,insufficient_sequences
1,confirmatory,1,identity,2,identity_30_40,2,cluster50,1,esm2-35m,kmer3-logistic,1,balanced_accuracy,NA,NA,NA,NA,NA,8,8,7,7,NA,insufficient_sequences
1,confirmatory,1,identity,2,identity_30_40,2,cluster50,1,esm2-35m,kmer3-logistic,2,macro_f1,NA,NA,NA,NA,NA,8,8,7,7,NA,insufficient_sequences
1,confirmatory,1,identity,3,identity_40_50,2,cluster50,1,esm2-35m,kmer3-logistic,0,accuracy,NA,NA,NA,NA,NA,<5,NA,4,NA,NA,privacy_suppressed
1,confirmatory,1,identity,3,identity_40_50,2,cluster50,1,esm2-35m,kmer3-logistic,1,balanced_accuracy,NA,NA,NA,NA,NA,<5,NA,4,NA,NA,privacy_suppressed
1,confirmatory,1,identity,3,identity_40_50,2,cluster50,1,esm2-35m,kmer3-logistic,2,macro_f1,NA,NA,NA,NA,NA,<5,NA,4,NA,NA,privacy_suppressed
1,confirmatory,1,identity,4,identity_50_70,2,cluster50,1,esm2-35m,kmer3-logistic,0,accuracy,NA,NA,NA,NA,NA,<5,NA,<3,NA,NA,privacy_suppressed
1,confirmatory,1,identity,4,identity_50_70,2,cluster50,1,esm2-35m,kmer3-logistic,1,balanced_accuracy,NA,NA,NA,NA,NA,<5,NA,<3,NA,NA,privacy_suppressed
1,confirmatory,1,identity,4,identity_50_70,2,cluster50,1,esm2-35m,kmer3-logistic,2,macro_f1,NA,NA,NA,NA,NA,<5,NA,<3,NA,NA,privacy_suppressed
1,confirmatory,1,identity,5,identity_70_100,2,cluster50,1,esm2-35m,kmer3-logistic,0,accuracy,NA,NA,NA,NA,NA,<5,NA,<3,NA,NA,privacy_suppressed
1,confirmatory,1,identity,5,identity_70_100,2,cluster50,1,esm2-35m,kmer3-logistic,1,balanced_accuracy,NA,NA,NA,NA,NA,<5,NA,<3,NA,NA,privacy_suppressed
1,confirmatory,1,identity,5,identity_70_100,2,cluster50,1,esm2-35m,kmer3-logistic,2,macro_f1,NA,NA,NA,NA,NA,<5,NA,<3,NA,NA,privacy_suppressed
1,confirmatory,1,identity,6,no_hit,2,cluster50,1,esm2-35m,kmer3-logistic,0,accuracy,0.816326530612245,0.428571428571429,0.387755102040816,0.234042553191489,0.541711956521739,49,49,45,45,2026,reportable
1,confirmatory,1,identity,6,no_hit,2,cluster50,1,esm2-35m,kmer3-logistic,1,balanced_accuracy,0.758666666666667,0.313714285714286,0.444952380952381,0.318277126099707,0.576028985507246,49,49,45,45,2026,reportable
1,confirmatory,1,identity,6,no_hit,2,cluster50,1,esm2-35m,kmer3-logistic,2,macro_f1,0.78025974025974,0.267280701754386,0.512979038505354,0.346868656173903,0.628340603996284,49,49,45,45,2026,reportable
1,confirmatory,1,identity,0,identity_00_20,2,cluster50,2,esm2-150m,aac-logistic,0,accuracy,NA,NA,NA,NA,NA,<5,NA,<3,NA,NA,privacy_suppressed
1,confirmatory,1,identity,0,identity_00_20,2,cluster50,2,esm2-150m,aac-logistic,1,balanced_accuracy,NA,NA,NA,NA,NA,<5,NA,<3,NA,NA,privacy_suppressed
1,confirmatory,1,identity,0,identity_00_20,2,cluster50,2,esm2-150m,aac-logistic,2,macro_f1,NA,NA,NA,NA,NA,<5,NA,<3,NA,NA,privacy_suppressed
1,confirmatory,1,identity,1,identity_20_30,2,cluster50,2,esm2-150m,aac-logistic,0,accuracy,NA,NA,NA,NA,NA,5,5,4,4,NA,insufficient_sequences
1,confirmatory,1,identity,1,identity_20_30,2,cluster50,2,esm2-150m,aac-logistic,1,balanced_accuracy,NA,NA,NA,NA,NA,5,5,4,4,NA,insufficient_sequences
1,confirmatory,1,identity,1,identity_20_30,2,cluster50,2,esm2-150m,aac-logistic,2,macro_f1,NA,NA,NA,NA,NA,5,5,4,4,NA,insufficient_sequences
1,confirmatory,1,identity,2,identity_30_40,2,cluster50,2,esm2-150m,aac-logistic,0,accuracy,NA,NA,NA,NA,NA,8,8,7,7,NA,insufficient_sequences
1,confirmatory,1,identity,2,identity_30_40,2,cluster50,2,esm2-150m,aac-logistic,1,balanced_accuracy,NA,NA,NA,NA,NA,8,8,7,7,NA,insufficient_sequences
1,confirmatory,1,identity,2,identity_30_40,2,cluster50,2,esm2-150m,aac-logistic,2,macro_f1,NA,NA,NA,NA,NA,8,8,7,7,NA,insufficient_sequences
1,confirmatory,1,identity,3,identity_40_50,2,cluster50,2,esm2-150m,aac-logistic,0,accuracy,NA,NA,NA,NA,NA,<5,NA,4,NA,NA,privacy_suppressed
1,confirmatory,1,identity,3,identity_40_50,2,cluster50,2,esm2-150m,aac-logistic,1,balanced_accuracy,NA,NA,NA,NA,NA,<5,NA,4,NA,NA,privacy_suppressed
1,confirmatory,1,identity,3,identity_40_50,2,cluster50,2,esm2-150m,aac-logistic,2,macro_f1,NA,NA,NA,NA,NA,<5,NA,4,NA,NA,privacy_suppressed
1,confirmatory,1,identity,4,identity_50_70,2,cluster50,2,esm2-150m,aac-logistic,0,accuracy,NA,NA,NA,NA,NA,<5,NA,<3,NA,NA,privacy_suppressed
1,confirmatory,1,identity,4,identity_50_70,2,cluster50,2,esm2-150m,aac-logistic,1,balanced_accuracy,NA,NA,NA,NA,NA,<5,NA,<3,NA,NA,privacy_suppressed
1,confirmatory,1,identity,4,identity_50_70,2,cluster50,2,esm2-150m,aac-logistic,2,macro_f1,NA,NA,NA,NA,NA,<5,NA,<3,NA,NA,privacy_suppressed
1,confirmatory,1,identity,5,identity_70_100,2,cluster50,2,esm2-150m,aac-logistic,0,accuracy,NA,NA,NA,NA,NA,<5,NA,<3,NA,NA,privacy_suppressed
1,confirmatory,1,identity,5,identity_70_100,2,cluster50,2,esm2-150m,aac-logistic,1,balanced_accuracy,NA,NA,NA,NA,NA,<5,NA,<3,NA,NA,privacy_suppressed
1,confirmatory,1,identity,5,identity_70_100,2,cluster50,2,esm2-150m,aac-logistic,2,macro_f1,NA,NA,NA,NA,NA,<5,NA,<3,NA,NA,privacy_suppressed
1,confirmatory,1,identity,6,no_hit,2,cluster50,2,esm2-150m,aac-logistic,0,accuracy,0.836734693877551,0.326530612244898,0.510204081632653,0.361702127659574,0.66,49,49,45,45,2026,reportable
1,confirmatory,1,identity,6,no_hit,2,cluster50,2,esm2-150m,aac-logistic,1,balanced_accuracy,0.816539682539683,0.34415873015873,0.472380952380952,0.181733405483405,0.685617424242424,49,49,45,45,2026,reportable
1,confirmatory,1,identity,6,no_hit,2,cluster50,2,esm2-150m,aac-logistic,2,macro_f1,0.815018315018315,0.29529601029601,0.519722304722305,0.315141866890172,0.674477320542298,49,49,45,45,2026,reportable
1,confirmatory,1,identity,0,identity_00_20,2,cluster50,3,esm2-150m,kmer3-logistic,0,accuracy,NA,NA,NA,NA,NA,<5,NA,<3,NA,NA,privacy_suppressed
1,confirmatory,1,identity,0,identity_00_20,2,cluster50,3,esm2-150m,kmer3-logistic,1,balanced_accuracy,NA,NA,NA,NA,NA,<5,NA,<3,NA,NA,privacy_suppressed
1,confirmatory,1,identity,0,identity_00_20,2,cluster50,3,esm2-150m,kmer3-logistic,2,macro_f1,NA,NA,NA,NA,NA,<5,NA,<3,NA,NA,privacy_suppressed
1,confirmatory,1,identity,1,identity_20_30,2,cluster50,3,esm2-150m,kmer3-logistic,0,accuracy,NA,NA,NA,NA,NA,5,5,4,4,NA,insufficient_sequences
1,confirmatory,1,identity,1,identity_20_30,2,cluster50,3,esm2-150m,kmer3-logistic,1,balanced_accuracy,NA,NA,NA,NA,NA,5,5,4,4,NA,insufficient_sequences
1,confirmatory,1,identity,1,identity_20_30,2,cluster50,3,esm2-150m,kmer3-logistic,2,macro_f1,NA,NA,NA,NA,NA,5,5,4,4,NA,insufficient_sequences
1,confirmatory,1,identity,2,identity_30_40,2,cluster50,3,esm2-150m,kmer3-logistic,0,accuracy,NA,NA,NA,NA,NA,8,8,7,7,NA,insufficient_sequences
1,confirmatory,1,identity,2,identity_30_40,2,cluster50,3,esm2-150m,kmer3-logistic,1,balanced_accuracy,NA,NA,NA,NA,NA,8,8,7,7,NA,insufficient_sequences
1,confirmatory,1,identity,2,identity_30_40,2,cluster50,3,esm2-150m,kmer3-logistic,2,macro_f1,NA,NA,NA,NA,NA,8,8,7,7,NA,insufficient_sequences
1,confirmatory,1,identity,3,identity_40_50,2,cluster50,3,esm2-150m,kmer3-logistic,0,accuracy,NA,NA,NA,NA,NA,<5,NA,4,NA,NA,privacy_suppressed
1,confirmatory,1,identity,3,identity_40_50,2,cluster50,3,esm2-150m,kmer3-logistic,1,balanced_accuracy,NA,NA,NA,NA,NA,<5,NA,4,NA,NA,privacy_suppressed
1,confirmatory,1,identity,3,identity_40_50,2,cluster50,3,esm2-150m,kmer3-logistic,2,macro_f1,NA,NA,NA,NA,NA,<5,NA,4,NA,NA,privacy_suppressed
1,confirmatory,1,identity,4,identity_50_70,2,cluster50,3,esm2-150m,kmer3-logistic,0,accuracy,NA,NA,NA,NA,NA,<5,NA,<3,NA,NA,privacy_suppressed
1,confirmatory,1,identity,4,identity_50_70,2,cluster50,3,esm2-150m,kmer3-logistic,1,balanced_accuracy,NA,NA,NA,NA,NA,<5,NA,<3,NA,NA,privacy_suppressed
1,confirmatory,1,identity,4,identity_50_70,2,cluster50,3,esm2-150m,kmer3-logistic,2,macro_f1,NA,NA,NA,NA,NA,<5,NA,<3,NA,NA,privacy_suppressed
1,confirmatory,1,identity,5,identity_70_100,2,cluster50,3,esm2-150m,kmer3-logistic,0,accuracy,NA,NA,NA,NA,NA,<5,NA,<3,NA,NA,privacy_suppressed
1,confirmatory,1,identity,5,identity_70_100,2,cluster50,3,esm2-150m,kmer3-logistic,1,balanced_accuracy,NA,NA,NA,NA,NA,<5,NA,<3,NA,NA,privacy_suppressed
1,confirmatory,1,identity,5,identity_70_100,2,cluster50,3,esm2-150m,kmer3-logistic,2,macro_f1,NA,NA,NA,NA,NA,<5,NA,<3,NA,NA,privacy_suppressed
1,confirmatory,1,identity,6,no_hit,2,cluster50,3,esm2-150m,kmer3-logistic,0,accuracy,0.836734693877551,0.428571428571429,0.408163265306123,0.234042553191489,0.58,49,49,45,45,2026,reportable
1,confirmatory,1,identity,6,no_hit,2,cluster50,3,esm2-150m,kmer3-logistic,1,balanced_accuracy,0.816539682539683,0.313714285714286,0.502825396825397,0.317137362637363,0.70840291005291,49,49,45,45,2026,reportable
1,confirmatory,1,identity,6,no_hit,2,cluster50,3,esm2-150m,kmer3-logistic,2,macro_f1,0.815018315018315,0.267280701754386,0.547737613263929,0.382372240869386,0.714151367007638,49,49,45,45,2026,reportable
1,confirmatory,1,identity,0,identity_00_20,2,cluster50,4,esm2-150m,esm2-35m,0,accuracy,NA,NA,NA,NA,NA,<5,NA,<3,NA,NA,privacy_suppressed
1,confirmatory,1,identity,0,identity_00_20,2,cluster50,4,esm2-150m,esm2-35m,1,balanced_accuracy,NA,NA,NA,NA,NA,<5,NA,<3,NA,NA,privacy_suppressed
1,confirmatory,1,identity,0,identity_00_20,2,cluster50,4,esm2-150m,esm2-35m,2,macro_f1,NA,NA,NA,NA,NA,<5,NA,<3,NA,NA,privacy_suppressed
1,confirmatory,1,identity,1,identity_20_30,2,cluster50,4,esm2-150m,esm2-35m,0,accuracy,NA,NA,NA,NA,NA,5,5,4,4,NA,insufficient_sequences
1,confirmatory,1,identity,1,identity_20_30,2,cluster50,4,esm2-150m,esm2-35m,1,balanced_accuracy,NA,NA,NA,NA,NA,5,5,4,4,NA,insufficient_sequences
1,confirmatory,1,identity,1,identity_20_30,2,cluster50,4,esm2-150m,esm2-35m,2,macro_f1,NA,NA,NA,NA,NA,5,5,4,4,NA,insufficient_sequences
1,confirmatory,1,identity,2,identity_30_40,2,cluster50,4,esm2-150m,esm2-35m,0,accuracy,NA,NA,NA,NA,NA,8,8,7,7,NA,insufficient_sequences
1,confirmatory,1,identity,2,identity_30_40,2,cluster50,4,esm2-150m,esm2-35m,1,balanced_accuracy,NA,NA,NA,NA,NA,8,8,7,7,NA,insufficient_sequences
1,confirmatory,1,identity,2,identity_30_40,2,cluster50,4,esm2-150m,esm2-35m,2,macro_f1,NA,NA,NA,NA,NA,8,8,7,7,NA,insufficient_sequences
1,confirmatory,1,identity,3,identity_40_50,2,cluster50,4,esm2-150m,esm2-35m,0,accuracy,NA,NA,NA,NA,NA,<5,NA,4,NA,NA,privacy_suppressed
1,confirmatory,1,identity,3,identity_40_50,2,cluster50,4,esm2-150m,esm2-35m,1,balanced_accuracy,NA,NA,NA,NA,NA,<5,NA,4,NA,NA,privacy_suppressed
1,confirmatory,1,identity,3,identity_40_50,2,cluster50,4,esm2-150m,esm2-35m,2,macro_f1,NA,NA,NA,NA,NA,<5,NA,4,NA,NA,privacy_suppressed
1,confirmatory,1,identity,4,identity_50_70,2,cluster50,4,esm2-150m,esm2-35m,0,accuracy,NA,NA,NA,NA,NA,<5,NA,<3,NA,NA,privacy_suppressed
1,confirmatory,1,identity,4,identity_50_70,2,cluster50,4,esm2-150m,esm2-35m,1,balanced_accuracy,NA,NA,NA,NA,NA,<5,NA,<3,NA,NA,privacy_suppressed
1,confirmatory,1,identity,4,identity_50_70,2,cluster50,4,esm2-150m,esm2-35m,2,macro_f1,NA,NA,NA,NA,NA,<5,NA,<3,NA,NA,privacy_suppressed
1,confirmatory,1,identity,5,identity_70_100,2,cluster50,4,esm2-150m,esm2-35m,0,accuracy,NA,NA,NA,NA,NA,<5,NA,<3,NA,NA,privacy_suppressed
1,confirmatory,1,identity,5,identity_70_100,2,cluster50,4,esm2-150m,esm2-35m,1,balanced_accuracy,NA,NA,NA,NA,NA,<5,NA,<3,NA,NA,privacy_suppressed
1,confirmatory,1,identity,5,identity_70_100,2,cluster50,4,esm2-150m,esm2-35m,2,macro_f1,NA,NA,NA,NA,NA,<5,NA,<3,NA,NA,privacy_suppressed
1,confirmatory,1,identity,6,no_hit,2,cluster50,4,esm2-150m,esm2-35m,0,accuracy,0.836734693877551,0.816326530612245,0.020408163265306,-0.065217391304348,0.104166666666667,49,49,45,45,2026,reportable
1,confirmatory,1,identity,6,no_hit,2,cluster50,4,esm2-150m,esm2-35m,1,balanced_accuracy,0.816539682539683,0.758666666666667,0.057873015873016,-0.057142857142857,0.226681818181818,49,49,45,45,2026,reportable
1,confirmatory,1,identity,6,no_hit,2,cluster50,4,esm2-150m,esm2-35m,2,macro_f1,0.815018315018315,0.78025974025974,0.034758574758575,-0.085265319702892,0.222590566046059,49,49,45,45,2026,reportable
1,confirmatory,1,identity,0,identity_00_20,3,cluster30,0,esm2-35m,aac-logistic,0,accuracy,NA,NA,NA,NA,NA,<5,NA,<3,NA,NA,privacy_suppressed
1,confirmatory,1,identity,0,identity_00_20,3,cluster30,0,esm2-35m,aac-logistic,1,balanced_accuracy,NA,NA,NA,NA,NA,<5,NA,<3,NA,NA,privacy_suppressed
1,confirmatory,1,identity,0,identity_00_20,3,cluster30,0,esm2-35m,aac-logistic,2,macro_f1,NA,NA,NA,NA,NA,<5,NA,<3,NA,NA,privacy_suppressed
1,confirmatory,1,identity,1,identity_20_30,3,cluster30,0,esm2-35m,aac-logistic,0,accuracy,NA,NA,NA,NA,NA,8,8,8,8,NA,insufficient_sequences
1,confirmatory,1,identity,1,identity_20_30,3,cluster30,0,esm2-35m,aac-logistic,1,balanced_accuracy,NA,NA,NA,NA,NA,8,8,8,8,NA,insufficient_sequences
1,confirmatory,1,identity,1,identity_20_30,3,cluster30,0,esm2-35m,aac-logistic,2,macro_f1,NA,NA,NA,NA,NA,8,8,8,8,NA,insufficient_sequences
1,confirmatory,1,identity,2,identity_30_40,3,cluster30,0,esm2-35m,aac-logistic,0,accuracy,NA,NA,NA,NA,NA,<5,NA,<3,NA,NA,privacy_suppressed
1,confirmatory,1,identity,2,identity_30_40,3,cluster30,0,esm2-35m,aac-logistic,1,balanced_accuracy,NA,NA,NA,NA,NA,<5,NA,<3,NA,NA,privacy_suppressed
1,confirmatory,1,identity,2,identity_30_40,3,cluster30,0,esm2-35m,aac-logistic,2,macro_f1,NA,NA,NA,NA,NA,<5,NA,<3,NA,NA,privacy_suppressed
1,confirmatory,1,identity,3,identity_40_50,3,cluster30,0,esm2-35m,aac-logistic,0,accuracy,NA,NA,NA,NA,NA,<5,NA,<3,NA,NA,privacy_suppressed
1,confirmatory,1,identity,3,identity_40_50,3,cluster30,0,esm2-35m,aac-logistic,1,balanced_accuracy,NA,NA,NA,NA,NA,<5,NA,<3,NA,NA,privacy_suppressed
1,confirmatory,1,identity,3,identity_40_50,3,cluster30,0,esm2-35m,aac-logistic,2,macro_f1,NA,NA,NA,NA,NA,<5,NA,<3,NA,NA,privacy_suppressed
1,confirmatory,1,identity,4,identity_50_70,3,cluster30,0,esm2-35m,aac-logistic,0,accuracy,NA,NA,NA,NA,NA,<5,NA,<3,NA,NA,privacy_suppressed
1,confirmatory,1,identity,4,identity_50_70,3,cluster30,0,esm2-35m,aac-logistic,1,balanced_accuracy,NA,NA,NA,NA,NA,<5,NA,<3,NA,NA,privacy_suppressed
1,confirmatory,1,identity,4,identity_50_70,3,cluster30,0,esm2-35m,aac-logistic,2,macro_f1,NA,NA,NA,NA,NA,<5,NA,<3,NA,NA,privacy_suppressed
1,confirmatory,1,identity,5,identity_70_100,3,cluster30,0,esm2-35m,aac-logistic,0,accuracy,NA,NA,NA,NA,NA,<5,NA,<3,NA,NA,privacy_suppressed
1,confirmatory,1,identity,5,identity_70_100,3,cluster30,0,esm2-35m,aac-logistic,1,balanced_accuracy,NA,NA,NA,NA,NA,<5,NA,<3,NA,NA,privacy_suppressed
1,confirmatory,1,identity,5,identity_70_100,3,cluster30,0,esm2-35m,aac-logistic,2,macro_f1,NA,NA,NA,NA,NA,<5,NA,<3,NA,NA,privacy_suppressed
1,confirmatory,1,identity,6,no_hit,3,cluster30,0,esm2-35m,aac-logistic,0,accuracy,0.706896551724138,0.310344827586207,0.396551724137931,0.228070175438596,0.568965517241379,58,58,52,52,2026,reportable
1,confirmatory,1,identity,6,no_hit,3,cluster30,0,esm2-35m,aac-logistic,1,balanced_accuracy,0.652383357383357,0.222659932659933,0.429723424723425,0.18998864258347,0.627020833333333,58,58,52,52,2026,reportable
1,confirmatory,1,identity,6,no_hit,3,cluster30,0,esm2-35m,aac-logistic,2,macro_f1,0.665455304928989,0.225141525141525,0.440313779787464,0.205628708142975,0.610749504254842,58,58,52,52,2026,reportable
1,confirmatory,1,identity,0,identity_00_20,3,cluster30,1,esm2-35m,kmer3-logistic,0,accuracy,NA,NA,NA,NA,NA,<5,NA,<3,NA,NA,privacy_suppressed
1,confirmatory,1,identity,0,identity_00_20,3,cluster30,1,esm2-35m,kmer3-logistic,1,balanced_accuracy,NA,NA,NA,NA,NA,<5,NA,<3,NA,NA,privacy_suppressed
1,confirmatory,1,identity,0,identity_00_20,3,cluster30,1,esm2-35m,kmer3-logistic,2,macro_f1,NA,NA,NA,NA,NA,<5,NA,<3,NA,NA,privacy_suppressed
1,confirmatory,1,identity,1,identity_20_30,3,cluster30,1,esm2-35m,kmer3-logistic,0,accuracy,NA,NA,NA,NA,NA,8,8,8,8,NA,insufficient_sequences
1,confirmatory,1,identity,1,identity_20_30,3,cluster30,1,esm2-35m,kmer3-logistic,1,balanced_accuracy,NA,NA,NA,NA,NA,8,8,8,8,NA,insufficient_sequences
1,confirmatory,1,identity,1,identity_20_30,3,cluster30,1,esm2-35m,kmer3-logistic,2,macro_f1,NA,NA,NA,NA,NA,8,8,8,8,NA,insufficient_sequences
1,confirmatory,1,identity,2,identity_30_40,3,cluster30,1,esm2-35m,kmer3-logistic,0,accuracy,NA,NA,NA,NA,NA,<5,NA,<3,NA,NA,privacy_suppressed
1,confirmatory,1,identity,2,identity_30_40,3,cluster30,1,esm2-35m,kmer3-logistic,1,balanced_accuracy,NA,NA,NA,NA,NA,<5,NA,<3,NA,NA,privacy_suppressed
1,confirmatory,1,identity,2,identity_30_40,3,cluster30,1,esm2-35m,kmer3-logistic,2,macro_f1,NA,NA,NA,NA,NA,<5,NA,<3,NA,NA,privacy_suppressed
1,confirmatory,1,identity,3,identity_40_50,3,cluster30,1,esm2-35m,kmer3-logistic,0,accuracy,NA,NA,NA,NA,NA,<5,NA,<3,NA,NA,privacy_suppressed
1,confirmatory,1,identity,3,identity_40_50,3,cluster30,1,esm2-35m,kmer3-logistic,1,balanced_accuracy,NA,NA,NA,NA,NA,<5,NA,<3,NA,NA,privacy_suppressed
1,confirmatory,1,identity,3,identity_40_50,3,cluster30,1,esm2-35m,kmer3-logistic,2,macro_f1,NA,NA,NA,NA,NA,<5,NA,<3,NA,NA,privacy_suppressed
1,confirmatory,1,identity,4,identity_50_70,3,cluster30,1,esm2-35m,kmer3-logistic,0,accuracy,NA,NA,NA,NA,NA,<5,NA,<3,NA,NA,privacy_suppressed
1,confirmatory,1,identity,4,identity_50_70,3,cluster30,1,esm2-35m,kmer3-logistic,1,balanced_accuracy,NA,NA,NA,NA,NA,<5,NA,<3,NA,NA,privacy_suppressed
1,confirmatory,1,identity,4,identity_50_70,3,cluster30,1,esm2-35m,kmer3-logistic,2,macro_f1,NA,NA,NA,NA,NA,<5,NA,<3,NA,NA,privacy_suppressed
1,confirmatory,1,identity,5,identity_70_100,3,cluster30,1,esm2-35m,kmer3-logistic,0,accuracy,NA,NA,NA,NA,NA,<5,NA,<3,NA,NA,privacy_suppressed
1,confirmatory,1,identity,5,identity_70_100,3,cluster30,1,esm2-35m,kmer3-logistic,1,balanced_accuracy,NA,NA,NA,NA,NA,<5,NA,<3,NA,NA,privacy_suppressed
1,confirmatory,1,identity,5,identity_70_100,3,cluster30,1,esm2-35m,kmer3-logistic,2,macro_f1,NA,NA,NA,NA,NA,<5,NA,<3,NA,NA,privacy_suppressed
1,confirmatory,1,identity,6,no_hit,3,cluster30,1,esm2-35m,kmer3-logistic,0,accuracy,0.706896551724138,0.517241379310345,0.189655172413793,0.017543859649123,0.35593220338983,58,58,52,52,2026,reportable
1,confirmatory,1,identity,6,no_hit,3,cluster30,1,esm2-35m,kmer3-logistic,1,balanced_accuracy,0.652383357383357,0.41549062049062,0.236892736892737,0.03477193963444,0.424364240291872,58,58,52,52,2026,reportable
1,confirmatory,1,identity,6,no_hit,3,cluster30,1,esm2-35m,kmer3-logistic,2,macro_f1,0.665455304928989,0.379650284356167,0.285805020572822,0.08467881616551,0.472341116760691,58,58,52,52,2026,reportable
1,confirmatory,1,identity,0,identity_00_20,3,cluster30,2,esm2-150m,aac-logistic,0,accuracy,NA,NA,NA,NA,NA,<5,NA,<3,NA,NA,privacy_suppressed
1,confirmatory,1,identity,0,identity_00_20,3,cluster30,2,esm2-150m,aac-logistic,1,balanced_accuracy,NA,NA,NA,NA,NA,<5,NA,<3,NA,NA,privacy_suppressed
1,confirmatory,1,identity,0,identity_00_20,3,cluster30,2,esm2-150m,aac-logistic,2,macro_f1,NA,NA,NA,NA,NA,<5,NA,<3,NA,NA,privacy_suppressed
1,confirmatory,1,identity,1,identity_20_30,3,cluster30,2,esm2-150m,aac-logistic,0,accuracy,NA,NA,NA,NA,NA,8,8,8,8,NA,insufficient_sequences
1,confirmatory,1,identity,1,identity_20_30,3,cluster30,2,esm2-150m,aac-logistic,1,balanced_accuracy,NA,NA,NA,NA,NA,8,8,8,8,NA,insufficient_sequences
1,confirmatory,1,identity,1,identity_20_30,3,cluster30,2,esm2-150m,aac-logistic,2,macro_f1,NA,NA,NA,NA,NA,8,8,8,8,NA,insufficient_sequences
1,confirmatory,1,identity,2,identity_30_40,3,cluster30,2,esm2-150m,aac-logistic,0,accuracy,NA,NA,NA,NA,NA,<5,NA,<3,NA,NA,privacy_suppressed
1,confirmatory,1,identity,2,identity_30_40,3,cluster30,2,esm2-150m,aac-logistic,1,balanced_accuracy,NA,NA,NA,NA,NA,<5,NA,<3,NA,NA,privacy_suppressed
1,confirmatory,1,identity,2,identity_30_40,3,cluster30,2,esm2-150m,aac-logistic,2,macro_f1,NA,NA,NA,NA,NA,<5,NA,<3,NA,NA,privacy_suppressed
1,confirmatory,1,identity,3,identity_40_50,3,cluster30,2,esm2-150m,aac-logistic,0,accuracy,NA,NA,NA,NA,NA,<5,NA,<3,NA,NA,privacy_suppressed
1,confirmatory,1,identity,3,identity_40_50,3,cluster30,2,esm2-150m,aac-logistic,1,balanced_accuracy,NA,NA,NA,NA,NA,<5,NA,<3,NA,NA,privacy_suppressed
1,confirmatory,1,identity,3,identity_40_50,3,cluster30,2,esm2-150m,aac-logistic,2,macro_f1,NA,NA,NA,NA,NA,<5,NA,<3,NA,NA,privacy_suppressed
1,confirmatory,1,identity,4,identity_50_70,3,cluster30,2,esm2-150m,aac-logistic,0,accuracy,NA,NA,NA,NA,NA,<5,NA,<3,NA,NA,privacy_suppressed
1,confirmatory,1,identity,4,identity_50_70,3,cluster30,2,esm2-150m,aac-logistic,1,balanced_accuracy,NA,NA,NA,NA,NA,<5,NA,<3,NA,NA,privacy_suppressed
1,confirmatory,1,identity,4,identity_50_70,3,cluster30,2,esm2-150m,aac-logistic,2,macro_f1,NA,NA,NA,NA,NA,<5,NA,<3,NA,NA,privacy_suppressed
1,confirmatory,1,identity,5,identity_70_100,3,cluster30,2,esm2-150m,aac-logistic,0,accuracy,NA,NA,NA,NA,NA,<5,NA,<3,NA,NA,privacy_suppressed
1,confirmatory,1,identity,5,identity_70_100,3,cluster30,2,esm2-150m,aac-logistic,1,balanced_accuracy,NA,NA,NA,NA,NA,<5,NA,<3,NA,NA,privacy_suppressed
1,confirmatory,1,identity,5,identity_70_100,3,cluster30,2,esm2-150m,aac-logistic,2,macro_f1,NA,NA,NA,NA,NA,<5,NA,<3,NA,NA,privacy_suppressed
1,confirmatory,1,identity,6,no_hit,3,cluster30,2,esm2-150m,aac-logistic,0,accuracy,0.793103448275862,0.310344827586207,0.482758620689655,0.321428571428571,0.629678362573099,58,58,52,52,2026,reportable
1,confirmatory,1,identity,6,no_hit,3,cluster30,2,esm2-150m,aac-logistic,1,balanced_accuracy,0.742907647907648,0.222659932659933,0.520247715247715,0.260070632798574,0.711119047619048,58,58,52,52,2026,reportable
1,confirmatory,1,identity,6,no_hit,3,cluster30,2,esm2-150m,aac-logistic,2,macro_f1,0.737322551662174,0.225141525141525,0.512181026520649,0.284050077115867,0.676848043248043,58,58,52,52,2026,reportable
1,confirmatory,1,identity,0,identity_00_20,3,cluster30,3,esm2-150m,kmer3-logistic,0,accuracy,NA,NA,NA,NA,NA,<5,NA,<3,NA,NA,privacy_suppressed
1,confirmatory,1,identity,0,identity_00_20,3,cluster30,3,esm2-150m,kmer3-logistic,1,balanced_accuracy,NA,NA,NA,NA,NA,<5,NA,<3,NA,NA,privacy_suppressed
1,confirmatory,1,identity,0,identity_00_20,3,cluster30,3,esm2-150m,kmer3-logistic,2,macro_f1,NA,NA,NA,NA,NA,<5,NA,<3,NA,NA,privacy_suppressed
1,confirmatory,1,identity,1,identity_20_30,3,cluster30,3,esm2-150m,kmer3-logistic,0,accuracy,NA,NA,NA,NA,NA,8,8,8,8,NA,insufficient_sequences
1,confirmatory,1,identity,1,identity_20_30,3,cluster30,3,esm2-150m,kmer3-logistic,1,balanced_accuracy,NA,NA,NA,NA,NA,8,8,8,8,NA,insufficient_sequences
1,confirmatory,1,identity,1,identity_20_30,3,cluster30,3,esm2-150m,kmer3-logistic,2,macro_f1,NA,NA,NA,NA,NA,8,8,8,8,NA,insufficient_sequences
1,confirmatory,1,identity,2,identity_30_40,3,cluster30,3,esm2-150m,kmer3-logistic,0,accuracy,NA,NA,NA,NA,NA,<5,NA,<3,NA,NA,privacy_suppressed
1,confirmatory,1,identity,2,identity_30_40,3,cluster30,3,esm2-150m,kmer3-logistic,1,balanced_accuracy,NA,NA,NA,NA,NA,<5,NA,<3,NA,NA,privacy_suppressed
1,confirmatory,1,identity,2,identity_30_40,3,cluster30,3,esm2-150m,kmer3-logistic,2,macro_f1,NA,NA,NA,NA,NA,<5,NA,<3,NA,NA,privacy_suppressed
1,confirmatory,1,identity,3,identity_40_50,3,cluster30,3,esm2-150m,kmer3-logistic,0,accuracy,NA,NA,NA,NA,NA,<5,NA,<3,NA,NA,privacy_suppressed
1,confirmatory,1,identity,3,identity_40_50,3,cluster30,3,esm2-150m,kmer3-logistic,1,balanced_accuracy,NA,NA,NA,NA,NA,<5,NA,<3,NA,NA,privacy_suppressed
1,confirmatory,1,identity,3,identity_40_50,3,cluster30,3,esm2-150m,kmer3-logistic,2,macro_f1,NA,NA,NA,NA,NA,<5,NA,<3,NA,NA,privacy_suppressed
1,confirmatory,1,identity,4,identity_50_70,3,cluster30,3,esm2-150m,kmer3-logistic,0,accuracy,NA,NA,NA,NA,NA,<5,NA,<3,NA,NA,privacy_suppressed
1,confirmatory,1,identity,4,identity_50_70,3,cluster30,3,esm2-150m,kmer3-logistic,1,balanced_accuracy,NA,NA,NA,NA,NA,<5,NA,<3,NA,NA,privacy_suppressed
1,confirmatory,1,identity,4,identity_50_70,3,cluster30,3,esm2-150m,kmer3-logistic,2,macro_f1,NA,NA,NA,NA,NA,<5,NA,<3,NA,NA,privacy_suppressed
1,confirmatory,1,identity,5,identity_70_100,3,cluster30,3,esm2-150m,kmer3-logistic,0,accuracy,NA,NA,NA,NA,NA,<5,NA,<3,NA,NA,privacy_suppressed
1,confirmatory,1,identity,5,identity_70_100,3,cluster30,3,esm2-150m,kmer3-logistic,1,balanced_accuracy,NA,NA,NA,NA,NA,<5,NA,<3,NA,NA,privacy_suppressed
1,confirmatory,1,identity,5,identity_70_100,3,cluster30,3,esm2-150m,kmer3-logistic,2,macro_f1,NA,NA,NA,NA,NA,<5,NA,<3,NA,NA,privacy_suppressed
1,confirmatory,1,identity,6,no_hit,3,cluster30,3,esm2-150m,kmer3-logistic,0,accuracy,0.793103448275862,0.517241379310345,0.275862068965517,0.125,0.421119536128456,58,58,52,52,2026,reportable
1,confirmatory,1,identity,6,no_hit,3,cluster30,3,esm2-150m,kmer3-logistic,1,balanced_accuracy,0.742907647907648,0.41549062049062,0.327417027417027,0.133291666666667,0.514113095238095,58,58,52,52,2026,reportable
1,confirmatory,1,identity,6,no_hit,3,cluster30,3,esm2-150m,kmer3-logistic,2,macro_f1,0.737322551662174,0.379650284356167,0.357672267306008,0.164670653907496,0.538229081390626,58,58,52,52,2026,reportable
1,confirmatory,1,identity,0,identity_00_20,3,cluster30,4,esm2-150m,esm2-35m,0,accuracy,NA,NA,NA,NA,NA,<5,NA,<3,NA,NA,privacy_suppressed
1,confirmatory,1,identity,0,identity_00_20,3,cluster30,4,esm2-150m,esm2-35m,1,balanced_accuracy,NA,NA,NA,NA,NA,<5,NA,<3,NA,NA,privacy_suppressed
1,confirmatory,1,identity,0,identity_00_20,3,cluster30,4,esm2-150m,esm2-35m,2,macro_f1,NA,NA,NA,NA,NA,<5,NA,<3,NA,NA,privacy_suppressed
1,confirmatory,1,identity,1,identity_20_30,3,cluster30,4,esm2-150m,esm2-35m,0,accuracy,NA,NA,NA,NA,NA,8,8,8,8,NA,insufficient_sequences
1,confirmatory,1,identity,1,identity_20_30,3,cluster30,4,esm2-150m,esm2-35m,1,balanced_accuracy,NA,NA,NA,NA,NA,8,8,8,8,NA,insufficient_sequences
1,confirmatory,1,identity,1,identity_20_30,3,cluster30,4,esm2-150m,esm2-35m,2,macro_f1,NA,NA,NA,NA,NA,8,8,8,8,NA,insufficient_sequences
1,confirmatory,1,identity,2,identity_30_40,3,cluster30,4,esm2-150m,esm2-35m,0,accuracy,NA,NA,NA,NA,NA,<5,NA,<3,NA,NA,privacy_suppressed
1,confirmatory,1,identity,2,identity_30_40,3,cluster30,4,esm2-150m,esm2-35m,1,balanced_accuracy,NA,NA,NA,NA,NA,<5,NA,<3,NA,NA,privacy_suppressed
1,confirmatory,1,identity,2,identity_30_40,3,cluster30,4,esm2-150m,esm2-35m,2,macro_f1,NA,NA,NA,NA,NA,<5,NA,<3,NA,NA,privacy_suppressed
1,confirmatory,1,identity,3,identity_40_50,3,cluster30,4,esm2-150m,esm2-35m,0,accuracy,NA,NA,NA,NA,NA,<5,NA,<3,NA,NA,privacy_suppressed
1,confirmatory,1,identity,3,identity_40_50,3,cluster30,4,esm2-150m,esm2-35m,1,balanced_accuracy,NA,NA,NA,NA,NA,<5,NA,<3,NA,NA,privacy_suppressed
1,confirmatory,1,identity,3,identity_40_50,3,cluster30,4,esm2-150m,esm2-35m,2,macro_f1,NA,NA,NA,NA,NA,<5,NA,<3,NA,NA,privacy_suppressed
1,confirmatory,1,identity,4,identity_50_70,3,cluster30,4,esm2-150m,esm2-35m,0,accuracy,NA,NA,NA,NA,NA,<5,NA,<3,NA,NA,privacy_suppressed
1,confirmatory,1,identity,4,identity_50_70,3,cluster30,4,esm2-150m,esm2-35m,1,balanced_accuracy,NA,NA,NA,NA,NA,<5,NA,<3,NA,NA,privacy_suppressed
1,confirmatory,1,identity,4,identity_50_70,3,cluster30,4,esm2-150m,esm2-35m,2,macro_f1,NA,NA,NA,NA,NA,<5,NA,<3,NA,NA,privacy_suppressed
1,confirmatory,1,identity,5,identity_70_100,3,cluster30,4,esm2-150m,esm2-35m,0,accuracy,NA,NA,NA,NA,NA,<5,NA,<3,NA,NA,privacy_suppressed
1,confirmatory,1,identity,5,identity_70_100,3,cluster30,4,esm2-150m,esm2-35m,1,balanced_accuracy,NA,NA,NA,NA,NA,<5,NA,<3,NA,NA,privacy_suppressed
1,confirmatory,1,identity,5,identity_70_100,3,cluster30,4,esm2-150m,esm2-35m,2,macro_f1,NA,NA,NA,NA,NA,<5,NA,<3,NA,NA,privacy_suppressed
1,confirmatory,1,identity,6,no_hit,3,cluster30,4,esm2-150m,esm2-35m,0,accuracy,0.793103448275862,0.706896551724138,0.086206896551724,-0.018181818181818,0.193620391705069,58,58,52,52,2026,reportable
1,confirmatory,1,identity,6,no_hit,3,cluster30,4,esm2-150m,esm2-35m,1,balanced_accuracy,0.742907647907648,0.652383357383357,0.090524290524291,-0.014541666666667,0.182233333333333,58,58,52,52,2026,reportable
1,confirmatory,1,identity,6,no_hit,3,cluster30,4,esm2-150m,esm2-35m,2,macro_f1,0.737322551662174,0.665455304928989,0.071867246733185,-0.049873213616806,0.180657278073055,58,58,52,52,2026,reportable
1,confirmatory,2,length,0,length_050_199,0,random,0,esm2-35m,aac-logistic,0,accuracy,NA,NA,NA,NA,NA,7,7,7,7,NA,insufficient_sequences
1,confirmatory,2,length,0,length_050_199,0,random,0,esm2-35m,aac-logistic,1,balanced_accuracy,NA,NA,NA,NA,NA,7,7,7,7,NA,insufficient_sequences
1,confirmatory,2,length,0,length_050_199,0,random,0,esm2-35m,aac-logistic,2,macro_f1,NA,NA,NA,NA,NA,7,7,7,7,NA,insufficient_sequences
1,confirmatory,2,length,1,length_200_399,0,random,0,esm2-35m,aac-logistic,0,accuracy,0.818181818181818,0.25,0.568181818181818,0.395348837209302,0.720930232558139,44,44,43,43,2026,reportable
1,confirmatory,2,length,1,length_200_399,0,random,0,esm2-35m,aac-logistic,1,balanced_accuracy,0.800280112044818,0.235014005602241,0.565266106442577,0.397708219412167,0.736416097060834,44,44,43,43,2026,reportable
1,confirmatory,2,length,1,length_200_399,0,random,0,esm2-35m,aac-logistic,2,macro_f1,0.801684981684982,0.228191721132898,0.573493260552084,0.394384346561591,0.726499268143159,44,44,43,43,2026,reportable
1,confirmatory,2,length,2,length_400_599,0,random,0,esm2-35m,aac-logistic,0,accuracy,NA,NA,NA,NA,NA,11,11,11,11,NA,insufficient_sequences
1,confirmatory,2,length,2,length_400_599,0,random,0,esm2-35m,aac-logistic,1,balanced_accuracy,NA,NA,NA,NA,NA,11,11,11,11,NA,insufficient_sequences
1,confirmatory,2,length,2,length_400_599,0,random,0,esm2-35m,aac-logistic,2,macro_f1,NA,NA,NA,NA,NA,11,11,11,11,NA,insufficient_sequences
1,confirmatory,2,length,3,length_600_799,0,random,0,esm2-35m,aac-logistic,0,accuracy,NA,NA,NA,NA,NA,<5,NA,4,NA,NA,privacy_suppressed
1,confirmatory,2,length,3,length_600_799,0,random,0,esm2-35m,aac-logistic,1,balanced_accuracy,NA,NA,NA,NA,NA,<5,NA,4,NA,NA,privacy_suppressed
1,confirmatory,2,length,3,length_600_799,0,random,0,esm2-35m,aac-logistic,2,macro_f1,NA,NA,NA,NA,NA,<5,NA,4,NA,NA,privacy_suppressed
1,confirmatory,2,length,4,length_800_1000,0,random,0,esm2-35m,aac-logistic,0,accuracy,NA,NA,NA,NA,NA,<5,NA,<3,NA,NA,privacy_suppressed
1,confirmatory,2,length,4,length_800_1000,0,random,0,esm2-35m,aac-logistic,1,balanced_accuracy,NA,NA,NA,NA,NA,<5,NA,<3,NA,NA,privacy_suppressed
1,confirmatory,2,length,4,length_800_1000,0,random,0,esm2-35m,aac-logistic,2,macro_f1,NA,NA,NA,NA,NA,<5,NA,<3,NA,NA,privacy_suppressed
1,confirmatory,2,length,0,length_050_199,0,random,1,esm2-35m,kmer3-logistic,0,accuracy,NA,NA,NA,NA,NA,7,7,7,7,NA,insufficient_sequences
1,confirmatory,2,length,0,length_050_199,0,random,1,esm2-35m,kmer3-logistic,1,balanced_accuracy,NA,NA,NA,NA,NA,7,7,7,7,NA,insufficient_sequences
1,confirmatory,2,length,0,length_050_199,0,random,1,esm2-35m,kmer3-logistic,2,macro_f1,NA,NA,NA,NA,NA,7,7,7,7,NA,insufficient_sequences
1,confirmatory,2,length,1,length_200_399,0,random,1,esm2-35m,kmer3-logistic,0,accuracy,0.818181818181818,0.522727272727273,0.295454545454546,0.152173913043478,0.454545454545454,44,44,43,43,2026,reportable
1,confirmatory,2,length,1,length_200_399,0,random,1,esm2-35m,kmer3-logistic,1,balanced_accuracy,0.800280112044818,0.443417366946779,0.356862745098039,0.199027777777778,0.528571428571429,44,44,43,43,2026,reportable
1,confirmatory,2,length,1,length_200_399,0,random,1,esm2-35m,kmer3-logistic,2,macro_f1,0.801684981684982,0.415461175461175,0.386223806223806,0.220388028101521,0.550904990842491,44,44,43,43,2026,reportable
1,confirmatory,2,length,2,length_400_599,0,random,1,esm2-35m,kmer3-logistic,0,accuracy,NA,NA,NA,NA,NA,11,11,11,11,NA,insufficient_sequences
1,confirmatory,2,length,2,length_400_599,0,random,1,esm2-35m,kmer3-logistic,1,balanced_accuracy,NA,NA,NA,NA,NA,11,11,11,11,NA,insufficient_sequences
1,confirmatory,2,length,2,length_400_599,0,random,1,esm2-35m,kmer3-logistic,2,macro_f1,NA,NA,NA,NA,NA,11,11,11,11,NA,insufficient_sequences
1,confirmatory,2,length,3,length_600_799,0,random,1,esm2-35m,kmer3-logistic,0,accuracy,NA,NA,NA,NA,NA,<5,NA,4,NA,NA,privacy_suppressed
1,confirmatory,2,length,3,length_600_799,0,random,1,esm2-35m,kmer3-logistic,1,balanced_accuracy,NA,NA,NA,NA,NA,<5,NA,4,NA,NA,privacy_suppressed
1,confirmatory,2,length,3,length_600_799,0,random,1,esm2-35m,kmer3-logistic,2,macro_f1,NA,NA,NA,NA,NA,<5,NA,4,NA,NA,privacy_suppressed
1,confirmatory,2,length,4,length_800_1000,0,random,1,esm2-35m,kmer3-logistic,0,accuracy,NA,NA,NA,NA,NA,<5,NA,<3,NA,NA,privacy_suppressed
1,confirmatory,2,length,4,length_800_1000,0,random,1,esm2-35m,kmer3-logistic,1,balanced_accuracy,NA,NA,NA,NA,NA,<5,NA,<3,NA,NA,privacy_suppressed
1,confirmatory,2,length,4,length_800_1000,0,random,1,esm2-35m,kmer3-logistic,2,macro_f1,NA,NA,NA,NA,NA,<5,NA,<3,NA,NA,privacy_suppressed
1,confirmatory,2,length,0,length_050_199,0,random,2,esm2-150m,aac-logistic,0,accuracy,NA,NA,NA,NA,NA,7,7,7,7,NA,insufficient_sequences
1,confirmatory,2,length,0,length_050_199,0,random,2,esm2-150m,aac-logistic,1,balanced_accuracy,NA,NA,NA,NA,NA,7,7,7,7,NA,insufficient_sequences
1,confirmatory,2,length,0,length_050_199,0,random,2,esm2-150m,aac-logistic,2,macro_f1,NA,NA,NA,NA,NA,7,7,7,7,NA,insufficient_sequences
1,confirmatory,2,length,1,length_200_399,0,random,2,esm2-150m,aac-logistic,0,accuracy,0.818181818181818,0.25,0.568181818181818,0.399883720930233,0.727272727272727,44,44,43,43,2026,reportable
1,confirmatory,2,length,1,length_200_399,0,random,2,esm2-150m,aac-logistic,1,balanced_accuracy,0.805042016806723,0.235014005602241,0.570028011204482,0.376190476190476,0.74181615497076,44,44,43,43,2026,reportable
1,confirmatory,2,length,1,length_200_399,0,random,2,esm2-150m,aac-logistic,2,macro_f1,0.814285714285714,0.228191721132898,0.586093993152817,0.412883007429447,0.74145616098877,44,44,43,43,2026,reportable
1,confirmatory,2,length,2,length_400_599,0,random,2,esm2-150m,aac-logistic,0,accuracy,NA,NA,NA,NA,NA,11,11,11,11,NA,insufficient_sequences
1,confirmatory,2,length,2,length_400_599,0,random,2,esm2-150m,aac-logistic,1,balanced_accuracy,NA,NA,NA,NA,NA,11,11,11,11,NA,insufficient_sequences
1,confirmatory,2,length,2,length_400_599,0,random,2,esm2-150m,aac-logistic,2,macro_f1,NA,NA,NA,NA,NA,11,11,11,11,NA,insufficient_sequences
1,confirmatory,2,length,3,length_600_799,0,random,2,esm2-150m,aac-logistic,0,accuracy,NA,NA,NA,NA,NA,<5,NA,4,NA,NA,privacy_suppressed
1,confirmatory,2,length,3,length_600_799,0,random,2,esm2-150m,aac-logistic,1,balanced_accuracy,NA,NA,NA,NA,NA,<5,NA,4,NA,NA,privacy_suppressed
1,confirmatory,2,length,3,length_600_799,0,random,2,esm2-150m,aac-logistic,2,macro_f1,NA,NA,NA,NA,NA,<5,NA,4,NA,NA,privacy_suppressed
1,confirmatory,2,length,4,length_800_1000,0,random,2,esm2-150m,aac-logistic,0,accuracy,NA,NA,NA,NA,NA,<5,NA,<3,NA,NA,privacy_suppressed
1,confirmatory,2,length,4,length_800_1000,0,random,2,esm2-150m,aac-logistic,1,balanced_accuracy,NA,NA,NA,NA,NA,<5,NA,<3,NA,NA,privacy_suppressed
1,confirmatory,2,length,4,length_800_1000,0,random,2,esm2-150m,aac-logistic,2,macro_f1,NA,NA,NA,NA,NA,<5,NA,<3,NA,NA,privacy_suppressed
1,confirmatory,2,length,0,length_050_199,0,random,3,esm2-150m,kmer3-logistic,0,accuracy,NA,NA,NA,NA,NA,7,7,7,7,NA,insufficient_sequences
1,confirmatory,2,length,0,length_050_199,0,random,3,esm2-150m,kmer3-logistic,1,balanced_accuracy,NA,NA,NA,NA,NA,7,7,7,7,NA,insufficient_sequences
1,confirmatory,2,length,0,length_050_199,0,random,3,esm2-150m,kmer3-logistic,2,macro_f1,NA,NA,NA,NA,NA,7,7,7,7,NA,insufficient_sequences
1,confirmatory,2,length,1,length_200_399,0,random,3,esm2-150m,kmer3-logistic,0,accuracy,0.818181818181818,0.522727272727273,0.295454545454546,0.13953488372093,0.465116279069767,44,44,43,43,2026,reportable
1,confirmatory,2,length,1,length_200_399,0,random,3,esm2-150m,kmer3-logistic,1,balanced_accuracy,0.805042016806723,0.443417366946779,0.361624649859944,0.190185224089636,0.527117763772176,44,44,43,43,2026,reportable
1,confirmatory,2,length,1,length_200_399,0,random,3,esm2-150m,kmer3-logistic,2,macro_f1,0.814285714285714,0.415461175461175,0.398824538824539,0.235235400650261,0.569962698764943,44,44,43,43,2026,reportable
1,confirmatory,2,length,2,length_400_599,0,random,3,esm2-150m,kmer3-logistic,0,accuracy,NA,NA,NA,NA,NA,11,11,11,11,NA,insufficient_sequences
1,confirmatory,2,length,2,length_400_599,0,random,3,esm2-150m,kmer3-logistic,1,balanced_accuracy,NA,NA,NA,NA,NA,11,11,11,11,NA,insufficient_sequences
1,confirmatory,2,length,2,length_400_599,0,random,3,esm2-150m,kmer3-logistic,2,macro_f1,NA,NA,NA,NA,NA,11,11,11,11,NA,insufficient_sequences
1,confirmatory,2,length,3,length_600_799,0,random,3,esm2-150m,kmer3-logistic,0,accuracy,NA,NA,NA,NA,NA,<5,NA,4,NA,NA,privacy_suppressed
1,confirmatory,2,length,3,length_600_799,0,random,3,esm2-150m,kmer3-logistic,1,balanced_accuracy,NA,NA,NA,NA,NA,<5,NA,4,NA,NA,privacy_suppressed
1,confirmatory,2,length,3,length_600_799,0,random,3,esm2-150m,kmer3-logistic,2,macro_f1,NA,NA,NA,NA,NA,<5,NA,4,NA,NA,privacy_suppressed
1,confirmatory,2,length,4,length_800_1000,0,random,3,esm2-150m,kmer3-logistic,0,accuracy,NA,NA,NA,NA,NA,<5,NA,<3,NA,NA,privacy_suppressed
1,confirmatory,2,length,4,length_800_1000,0,random,3,esm2-150m,kmer3-logistic,1,balanced_accuracy,NA,NA,NA,NA,NA,<5,NA,<3,NA,NA,privacy_suppressed
1,confirmatory,2,length,4,length_800_1000,0,random,3,esm2-150m,kmer3-logistic,2,macro_f1,NA,NA,NA,NA,NA,<5,NA,<3,NA,NA,privacy_suppressed
1,confirmatory,2,length,0,length_050_199,0,random,4,esm2-150m,esm2-35m,0,accuracy,NA,NA,NA,NA,NA,7,7,7,7,NA,insufficient_sequences
1,confirmatory,2,length,0,length_050_199,0,random,4,esm2-150m,esm2-35m,1,balanced_accuracy,NA,NA,NA,NA,NA,7,7,7,7,NA,insufficient_sequences
1,confirmatory,2,length,0,length_050_199,0,random,4,esm2-150m,esm2-35m,2,macro_f1,NA,NA,NA,NA,NA,7,7,7,7,NA,insufficient_sequences
1,confirmatory,2,length,1,length_200_399,0,random,4,esm2-150m,esm2-35m,0,accuracy,0.818181818181818,0.818181818181818,0,-0.090909090909091,0.093023255813953,44,44,43,43,2026,reportable
1,confirmatory,2,length,1,length_200_399,0,random,4,esm2-150m,esm2-35m,1,balanced_accuracy,0.805042016806723,0.800280112044818,0.004761904761905,-0.088700483091787,0.107278409090909,44,44,43,43,2026,reportable
1,confirmatory,2,length,1,length_200_399,0,random,4,esm2-150m,esm2-35m,2,macro_f1,0.814285714285714,0.801684981684982,0.012600732600733,-0.079805113467618,0.120001412447388,44,44,43,43,2026,reportable
1,confirmatory,2,length,2,length_400_599,0,random,4,esm2-150m,esm2-35m,0,accuracy,NA,NA,NA,NA,NA,11,11,11,11,NA,insufficient_sequences
1,confirmatory,2,length,2,length_400_599,0,random,4,esm2-150m,esm2-35m,1,balanced_accuracy,NA,NA,NA,NA,NA,11,11,11,11,NA,insufficient_sequences
1,confirmatory,2,length,2,length_400_599,0,random,4,esm2-150m,esm2-35m,2,macro_f1,NA,NA,NA,NA,NA,11,11,11,11,NA,insufficient_sequences
1,confirmatory,2,length,3,length_600_799,0,random,4,esm2-150m,esm2-35m,0,accuracy,NA,NA,NA,NA,NA,<5,NA,4,NA,NA,privacy_suppressed
1,confirmatory,2,length,3,length_600_799,0,random,4,esm2-150m,esm2-35m,1,balanced_accuracy,NA,NA,NA,NA,NA,<5,NA,4,NA,NA,privacy_suppressed
1,confirmatory,2,length,3,length_600_799,0,random,4,esm2-150m,esm2-35m,2,macro_f1,NA,NA,NA,NA,NA,<5,NA,4,NA,NA,privacy_suppressed
1,confirmatory,2,length,4,length_800_1000,0,random,4,esm2-150m,esm2-35m,0,accuracy,NA,NA,NA,NA,NA,<5,NA,<3,NA,NA,privacy_suppressed
1,confirmatory,2,length,4,length_800_1000,0,random,4,esm2-150m,esm2-35m,1,balanced_accuracy,NA,NA,NA,NA,NA,<5,NA,<3,NA,NA,privacy_suppressed
1,confirmatory,2,length,4,length_800_1000,0,random,4,esm2-150m,esm2-35m,2,macro_f1,NA,NA,NA,NA,NA,<5,NA,<3,NA,NA,privacy_suppressed
1,confirmatory,2,length,0,length_050_199,1,cluster70,0,esm2-35m,aac-logistic,0,accuracy,NA,NA,NA,NA,NA,7,7,7,7,NA,insufficient_sequences
1,confirmatory,2,length,0,length_050_199,1,cluster70,0,esm2-35m,aac-logistic,1,balanced_accuracy,NA,NA,NA,NA,NA,7,7,7,7,NA,insufficient_sequences
1,confirmatory,2,length,0,length_050_199,1,cluster70,0,esm2-35m,aac-logistic,2,macro_f1,NA,NA,NA,NA,NA,7,7,7,7,NA,insufficient_sequences
1,confirmatory,2,length,1,length_200_399,1,cluster70,0,esm2-35m,aac-logistic,0,accuracy,0.736842105263158,0.342105263157895,0.394736842105263,0.205128205128205,0.58974358974359,38,38,36,36,2026,reportable
1,confirmatory,2,length,1,length_200_399,1,cluster70,0,esm2-35m,aac-logistic,1,balanced_accuracy,0.698333333333333,0.311666666666667,0.386666666666667,0.181083333333333,0.610736111111111,38,38,36,36,2026,reportable
1,confirmatory,2,length,1,length_200_399,1,cluster70,0,esm2-35m,aac-logistic,2,macro_f1,0.701898101898102,0.298067632850242,0.40383046904786,0.177330207765791,0.606330444407524,38,38,36,36,2026,reportable
1,confirmatory,2,length,2,length_400_599,1,cluster70,0,esm2-35m,aac-logistic,0,accuracy,NA,NA,NA,NA,NA,12,12,12,12,NA,insufficient_sequences
1,confirmatory,2,length,2,length_400_599,1,cluster70,0,esm2-35m,aac-logistic,1,balanced_accuracy,NA,NA,NA,NA,NA,12,12,12,12,NA,insufficient_sequences
1,confirmatory,2,length,2,length_400_599,1,cluster70,0,esm2-35m,aac-logistic,2,macro_f1,NA,NA,NA,NA,NA,12,12,12,12,NA,insufficient_sequences
1,confirmatory,2,length,3,length_600_799,1,cluster70,0,esm2-35m,aac-logistic,0,accuracy,NA,NA,NA,NA,NA,8,8,8,8,NA,insufficient_sequences
1,confirmatory,2,length,3,length_600_799,1,cluster70,0,esm2-35m,aac-logistic,1,balanced_accuracy,NA,NA,NA,NA,NA,8,8,8,8,NA,insufficient_sequences
1,confirmatory,2,length,3,length_600_799,1,cluster70,0,esm2-35m,aac-logistic,2,macro_f1,NA,NA,NA,NA,NA,8,8,8,8,NA,insufficient_sequences
1,confirmatory,2,length,4,length_800_1000,1,cluster70,0,esm2-35m,aac-logistic,0,accuracy,NA,NA,NA,NA,NA,<5,NA,<3,NA,NA,privacy_suppressed
1,confirmatory,2,length,4,length_800_1000,1,cluster70,0,esm2-35m,aac-logistic,1,balanced_accuracy,NA,NA,NA,NA,NA,<5,NA,<3,NA,NA,privacy_suppressed
1,confirmatory,2,length,4,length_800_1000,1,cluster70,0,esm2-35m,aac-logistic,2,macro_f1,NA,NA,NA,NA,NA,<5,NA,<3,NA,NA,privacy_suppressed
1,confirmatory,2,length,0,length_050_199,1,cluster70,1,esm2-35m,kmer3-logistic,0,accuracy,NA,NA,NA,NA,NA,7,7,7,7,NA,insufficient_sequences
1,confirmatory,2,length,0,length_050_199,1,cluster70,1,esm2-35m,kmer3-logistic,1,balanced_accuracy,NA,NA,NA,NA,NA,7,7,7,7,NA,insufficient_sequences
1,confirmatory,2,length,0,length_050_199,1,cluster70,1,esm2-35m,kmer3-logistic,2,macro_f1,NA,NA,NA,NA,NA,7,7,7,7,NA,insufficient_sequences
1,confirmatory,2,length,1,length_200_399,1,cluster70,1,esm2-35m,kmer3-logistic,0,accuracy,0.736842105263158,0.5,0.236842105263158,0.055555555555556,0.416666666666667,38,38,36,36,2026,reportable
1,confirmatory,2,length,1,length_200_399,1,cluster70,1,esm2-35m,kmer3-logistic,1,balanced_accuracy,0.698333333333333,0.491666666666667,0.206666666666667,0.036898809523809,0.415011904761905,38,38,36,36,2026,reportable
1,confirmatory,2,length,1,length_200_399,1,cluster70,1,esm2-35m,kmer3-logistic,2,macro_f1,0.701898101898102,0.473333333333333,0.228564768564769,0.039951477507999,0.423878670606999,38,38,36,36,2026,reportable
1,confirmatory,2,length,2,length_400_599,1,cluster70,1,esm2-35m,kmer3-logistic,0,accuracy,NA,NA,NA,NA,NA,12,12,12,12,NA,insufficient_sequences
1,confirmatory,2,length,2,length_400_599,1,cluster70,1,esm2-35m,kmer3-logistic,1,balanced_accuracy,NA,NA,NA,NA,NA,12,12,12,12,NA,insufficient_sequences
1,confirmatory,2,length,2,length_400_599,1,cluster70,1,esm2-35m,kmer3-logistic,2,macro_f1,NA,NA,NA,NA,NA,12,12,12,12,NA,insufficient_sequences
1,confirmatory,2,length,3,length_600_799,1,cluster70,1,esm2-35m,kmer3-logistic,0,accuracy,NA,NA,NA,NA,NA,8,8,8,8,NA,insufficient_sequences
1,confirmatory,2,length,3,length_600_799,1,cluster70,1,esm2-35m,kmer3-logistic,1,balanced_accuracy,NA,NA,NA,NA,NA,8,8,8,8,NA,insufficient_sequences
1,confirmatory,2,length,3,length_600_799,1,cluster70,1,esm2-35m,kmer3-logistic,2,macro_f1,NA,NA,NA,NA,NA,8,8,8,8,NA,insufficient_sequences
1,confirmatory,2,length,4,length_800_1000,1,cluster70,1,esm2-35m,kmer3-logistic,0,accuracy,NA,NA,NA,NA,NA,<5,NA,<3,NA,NA,privacy_suppressed
1,confirmatory,2,length,4,length_800_1000,1,cluster70,1,esm2-35m,kmer3-logistic,1,balanced_accuracy,NA,NA,NA,NA,NA,<5,NA,<3,NA,NA,privacy_suppressed
1,confirmatory,2,length,4,length_800_1000,1,cluster70,1,esm2-35m,kmer3-logistic,2,macro_f1,NA,NA,NA,NA,NA,<5,NA,<3,NA,NA,privacy_suppressed
1,confirmatory,2,length,0,length_050_199,1,cluster70,2,esm2-150m,aac-logistic,0,accuracy,NA,NA,NA,NA,NA,7,7,7,7,NA,insufficient_sequences
1,confirmatory,2,length,0,length_050_199,1,cluster70,2,esm2-150m,aac-logistic,1,balanced_accuracy,NA,NA,NA,NA,NA,7,7,7,7,NA,insufficient_sequences
1,confirmatory,2,length,0,length_050_199,1,cluster70,2,esm2-150m,aac-logistic,2,macro_f1,NA,NA,NA,NA,NA,7,7,7,7,NA,insufficient_sequences
1,confirmatory,2,length,1,length_200_399,1,cluster70,2,esm2-150m,aac-logistic,0,accuracy,0.842105263157895,0.342105263157895,0.5,0.324143045484509,0.675675675675676,38,38,36,36,2026,reportable
1,confirmatory,2,length,1,length_200_399,1,cluster70,2,esm2-150m,aac-logistic,1,balanced_accuracy,0.796666666666667,0.311666666666667,0.485,0.249977272727273,0.721594787157287,38,38,36,36,2026,reportable
1,confirmatory,2,length,1,length_200_399,1,cluster70,2,esm2-150m,aac-logistic,2,macro_f1,0.79888045540797,0.298067632850242,0.500812822557728,0.275080520081321,0.702666170146989,38,38,36,36,2026,reportable
1,confirmatory,2,length,2,length_400_599,1,cluster70,2,esm2-150m,aac-logistic,0,accuracy,NA,NA,NA,NA,NA,12,12,12,12,NA,insufficient_sequences
1,confirmatory,2,length,2,length_400_599,1,cluster70,2,esm2-150m,aac-logistic,1,balanced_accuracy,NA,NA,NA,NA,NA,12,12,12,12,NA,insufficient_sequences
1,confirmatory,2,length,2,length_400_599,1,cluster70,2,esm2-150m,aac-logistic,2,macro_f1,NA,NA,NA,NA,NA,12,12,12,12,NA,insufficient_sequences
1,confirmatory,2,length,3,length_600_799,1,cluster70,2,esm2-150m,aac-logistic,0,accuracy,NA,NA,NA,NA,NA,8,8,8,8,NA,insufficient_sequences
1,confirmatory,2,length,3,length_600_799,1,cluster70,2,esm2-150m,aac-logistic,1,balanced_accuracy,NA,NA,NA,NA,NA,8,8,8,8,NA,insufficient_sequences
1,confirmatory,2,length,3,length_600_799,1,cluster70,2,esm2-150m,aac-logistic,2,macro_f1,NA,NA,NA,NA,NA,8,8,8,8,NA,insufficient_sequences
1,confirmatory,2,length,4,length_800_1000,1,cluster70,2,esm2-150m,aac-logistic,0,accuracy,NA,NA,NA,NA,NA,<5,NA,<3,NA,NA,privacy_suppressed
1,confirmatory,2,length,4,length_800_1000,1,cluster70,2,esm2-150m,aac-logistic,1,balanced_accuracy,NA,NA,NA,NA,NA,<5,NA,<3,NA,NA,privacy_suppressed
1,confirmatory,2,length,4,length_800_1000,1,cluster70,2,esm2-150m,aac-logistic,2,macro_f1,NA,NA,NA,NA,NA,<5,NA,<3,NA,NA,privacy_suppressed
1,confirmatory,2,length,0,length_050_199,1,cluster70,3,esm2-150m,kmer3-logistic,0,accuracy,NA,NA,NA,NA,NA,7,7,7,7,NA,insufficient_sequences
1,confirmatory,2,length,0,length_050_199,1,cluster70,3,esm2-150m,kmer3-logistic,1,balanced_accuracy,NA,NA,NA,NA,NA,7,7,7,7,NA,insufficient_sequences
1,confirmatory,2,length,0,length_050_199,1,cluster70,3,esm2-150m,kmer3-logistic,2,macro_f1,NA,NA,NA,NA,NA,7,7,7,7,NA,insufficient_sequences
1,confirmatory,2,length,1,length_200_399,1,cluster70,3,esm2-150m,kmer3-logistic,0,accuracy,0.842105263157895,0.5,0.342105263157895,0.17948717948718,0.513513513513514,38,38,36,36,2026,reportable
1,confirmatory,2,length,1,length_200_399,1,cluster70,3,esm2-150m,kmer3-logistic,1,balanced_accuracy,0.796666666666667,0.491666666666667,0.305,0.115062229437229,0.482352941176471,38,38,36,36,2026,reportable
1,confirmatory,2,length,1,length_200_399,1,cluster70,3,esm2-150m,kmer3-logistic,2,macro_f1,0.79888045540797,0.473333333333333,0.325547122074636,0.131544187537609,0.523941983426006,38,38,36,36,2026,reportable
1,confirmatory,2,length,2,length_400_599,1,cluster70,3,esm2-150m,kmer3-logistic,0,accuracy,NA,NA,NA,NA,NA,12,12,12,12,NA,insufficient_sequences
1,confirmatory,2,length,2,length_400_599,1,cluster70,3,esm2-150m,kmer3-logistic,1,balanced_accuracy,NA,NA,NA,NA,NA,12,12,12,12,NA,insufficient_sequences
1,confirmatory,2,length,2,length_400_599,1,cluster70,3,esm2-150m,kmer3-logistic,2,macro_f1,NA,NA,NA,NA,NA,12,12,12,12,NA,insufficient_sequences
1,confirmatory,2,length,3,length_600_799,1,cluster70,3,esm2-150m,kmer3-logistic,0,accuracy,NA,NA,NA,NA,NA,8,8,8,8,NA,insufficient_sequences
1,confirmatory,2,length,3,length_600_799,1,cluster70,3,esm2-150m,kmer3-logistic,1,balanced_accuracy,NA,NA,NA,NA,NA,8,8,8,8,NA,insufficient_sequences
1,confirmatory,2,length,3,length_600_799,1,cluster70,3,esm2-150m,kmer3-logistic,2,macro_f1,NA,NA,NA,NA,NA,8,8,8,8,NA,insufficient_sequences
1,confirmatory,2,length,4,length_800_1000,1,cluster70,3,esm2-150m,kmer3-logistic,0,accuracy,NA,NA,NA,NA,NA,<5,NA,<3,NA,NA,privacy_suppressed
1,confirmatory,2,length,4,length_800_1000,1,cluster70,3,esm2-150m,kmer3-logistic,1,balanced_accuracy,NA,NA,NA,NA,NA,<5,NA,<3,NA,NA,privacy_suppressed
1,confirmatory,2,length,4,length_800_1000,1,cluster70,3,esm2-150m,kmer3-logistic,2,macro_f1,NA,NA,NA,NA,NA,<5,NA,<3,NA,NA,privacy_suppressed
1,confirmatory,2,length,0,length_050_199,1,cluster70,4,esm2-150m,esm2-35m,0,accuracy,NA,NA,NA,NA,NA,7,7,7,7,NA,insufficient_sequences
1,confirmatory,2,length,0,length_050_199,1,cluster70,4,esm2-150m,esm2-35m,1,balanced_accuracy,NA,NA,NA,NA,NA,7,7,7,7,NA,insufficient_sequences
1,confirmatory,2,length,0,length_050_199,1,cluster70,4,esm2-150m,esm2-35m,2,macro_f1,NA,NA,NA,NA,NA,7,7,7,7,NA,insufficient_sequences
1,confirmatory,2,length,1,length_200_399,1,cluster70,4,esm2-150m,esm2-35m,0,accuracy,0.842105263157895,0.736842105263158,0.105263157894737,-0.027045795795796,0.256410256410256,38,38,36,36,2026,reportable
1,confirmatory,2,length,1,length_200_399,1,cluster70,4,esm2-150m,esm2-35m,1,balanced_accuracy,0.796666666666667,0.698333333333333,0.098333333333333,-0.066704545454545,0.246827694235589,38,38,36,36,2026,reportable
1,confirmatory,2,length,1,length_200_399,1,cluster70,4,esm2-150m,esm2-35m,2,macro_f1,0.79888045540797,0.701898101898102,0.096982353509868,-0.041225723622782,0.257517770876466,38,38,36,36,2026,reportable
1,confirmatory,2,length,2,length_400_599,1,cluster70,4,esm2-150m,esm2-35m,0,accuracy,NA,NA,NA,NA,NA,12,12,12,12,NA,insufficient_sequences
1,confirmatory,2,length,2,length_400_599,1,cluster70,4,esm2-150m,esm2-35m,1,balanced_accuracy,NA,NA,NA,NA,NA,12,12,12,12,NA,insufficient_sequences
1,confirmatory,2,length,2,length_400_599,1,cluster70,4,esm2-150m,esm2-35m,2,macro_f1,NA,NA,NA,NA,NA,12,12,12,12,NA,insufficient_sequences
1,confirmatory,2,length,3,length_600_799,1,cluster70,4,esm2-150m,esm2-35m,0,accuracy,NA,NA,NA,NA,NA,8,8,8,8,NA,insufficient_sequences
1,confirmatory,2,length,3,length_600_799,1,cluster70,4,esm2-150m,esm2-35m,1,balanced_accuracy,NA,NA,NA,NA,NA,8,8,8,8,NA,insufficient_sequences
1,confirmatory,2,length,3,length_600_799,1,cluster70,4,esm2-150m,esm2-35m,2,macro_f1,NA,NA,NA,NA,NA,8,8,8,8,NA,insufficient_sequences
1,confirmatory,2,length,4,length_800_1000,1,cluster70,4,esm2-150m,esm2-35m,0,accuracy,NA,NA,NA,NA,NA,<5,NA,<3,NA,NA,privacy_suppressed
1,confirmatory,2,length,4,length_800_1000,1,cluster70,4,esm2-150m,esm2-35m,1,balanced_accuracy,NA,NA,NA,NA,NA,<5,NA,<3,NA,NA,privacy_suppressed
1,confirmatory,2,length,4,length_800_1000,1,cluster70,4,esm2-150m,esm2-35m,2,macro_f1,NA,NA,NA,NA,NA,<5,NA,<3,NA,NA,privacy_suppressed
1,confirmatory,2,length,0,length_050_199,2,cluster50,0,esm2-35m,aac-logistic,0,accuracy,NA,NA,NA,NA,NA,9,9,8,8,NA,insufficient_sequences
1,confirmatory,2,length,0,length_050_199,2,cluster50,0,esm2-35m,aac-logistic,1,balanced_accuracy,NA,NA,NA,NA,NA,9,9,8,8,NA,insufficient_sequences
1,confirmatory,2,length,0,length_050_199,2,cluster50,0,esm2-35m,aac-logistic,2,macro_f1,NA,NA,NA,NA,NA,9,9,8,8,NA,insufficient_sequences
1,confirmatory,2,length,1,length_200_399,2,cluster50,0,esm2-35m,aac-logistic,0,accuracy,0.837209302325581,0.372093023255814,0.465116279069767,0.282,0.642857142857143,43,43,38,38,2026,reportable
1,confirmatory,2,length,1,length_200_399,2,cluster50,0,esm2-35m,aac-logistic,1,balanced_accuracy,0.805714285714286,0.397857142857143,0.407857142857143,0.161337121212121,0.595405067155067,43,43,38,38,2026,reportable
1,confirmatory,2,length,1,length_200_399,2,cluster50,0,esm2-35m,aac-logistic,2,macro_f1,0.820262943887232,0.382307692307692,0.43795525157954,0.217725991672586,0.61114977191828,43,43,38,38,2026,reportable
1,confirmatory,2,length,2,length_400_599,2,cluster50,0,esm2-35m,aac-logistic,0,accuracy,NA,NA,NA,NA,NA,9,9,9,9,NA,insufficient_sequences
1,confirmatory,2,length,2,length_400_599,2,cluster50,0,esm2-35m,aac-logistic,1,balanced_accuracy,NA,NA,NA,NA,NA,9,9,9,9,NA,insufficient_sequences
1,confirmatory,2,length,2,length_400_599,2,cluster50,0,esm2-35m,aac-logistic,2,macro_f1,NA,NA,NA,NA,NA,9,9,9,9,NA,insufficient_sequences
1,confirmatory,2,length,3,length_600_799,2,cluster50,0,esm2-35m,aac-logistic,0,accuracy,NA,NA,NA,NA,NA,5,5,4,4,NA,insufficient_sequences
1,confirmatory,2,length,3,length_600_799,2,cluster50,0,esm2-35m,aac-logistic,1,balanced_accuracy,NA,NA,NA,NA,NA,5,5,4,4,NA,insufficient_sequences
1,confirmatory,2,length,3,length_600_799,2,cluster50,0,esm2-35m,aac-logistic,2,macro_f1,NA,NA,NA,NA,NA,5,5,4,4,NA,insufficient_sequences
1,confirmatory,2,length,4,length_800_1000,2,cluster50,0,esm2-35m,aac-logistic,0,accuracy,NA,NA,NA,NA,NA,<5,NA,<3,NA,NA,privacy_suppressed
1,confirmatory,2,length,4,length_800_1000,2,cluster50,0,esm2-35m,aac-logistic,1,balanced_accuracy,NA,NA,NA,NA,NA,<5,NA,<3,NA,NA,privacy_suppressed
1,confirmatory,2,length,4,length_800_1000,2,cluster50,0,esm2-35m,aac-logistic,2,macro_f1,NA,NA,NA,NA,NA,<5,NA,<3,NA,NA,privacy_suppressed
1,confirmatory,2,length,0,length_050_199,2,cluster50,1,esm2-35m,kmer3-logistic,0,accuracy,NA,NA,NA,NA,NA,9,9,8,8,NA,insufficient_sequences
1,confirmatory,2,length,0,length_050_199,2,cluster50,1,esm2-35m,kmer3-logistic,1,balanced_accuracy,NA,NA,NA,NA,NA,9,9,8,8,NA,insufficient_sequences
1,confirmatory,2,length,0,length_050_199,2,cluster50,1,esm2-35m,kmer3-logistic,2,macro_f1,NA,NA,NA,NA,NA,9,9,8,8,NA,insufficient_sequences
1,confirmatory,2,length,1,length_200_399,2,cluster50,1,esm2-35m,kmer3-logistic,0,accuracy,0.837209302325581,0.488372093023256,0.348837209302326,0.186046511627907,0.522727272727273,43,43,38,38,2026,reportable
1,confirmatory,2,length,1,length_200_399,2,cluster50,1,esm2-35m,kmer3-logistic,1,balanced_accuracy,0.805714285714286,0.462857142857143,0.342857142857143,0.196895833333333,0.482139880952381,43,43,38,38,2026,reportable
1,confirmatory,2,length,1,length_200_399,2,cluster50,1,esm2-35m,kmer3-logistic,2,macro_f1,0.820262943887232,0.459219219219219,0.361043724668013,0.205002962122645,0.519676588465298,43,43,38,38,2026,reportable
1,confirmatory,2,length,2,length_400_599,2,cluster50,1,esm2-35m,kmer3-logistic,0,accuracy,NA,NA,NA,NA,NA,9,9,9,9,NA,insufficient_sequences
1,confirmatory,2,length,2,length_400_599,2,cluster50,1,esm2-35m,kmer3-logistic,1,balanced_accuracy,NA,NA,NA,NA,NA,9,9,9,9,NA,insufficient_sequences
1,confirmatory,2,length,2,length_400_599,2,cluster50,1,esm2-35m,kmer3-logistic,2,macro_f1,NA,NA,NA,NA,NA,9,9,9,9,NA,insufficient_sequences
1,confirmatory,2,length,3,length_600_799,2,cluster50,1,esm2-35m,kmer3-logistic,0,accuracy,NA,NA,NA,NA,NA,5,5,4,4,NA,insufficient_sequences
1,confirmatory,2,length,3,length_600_799,2,cluster50,1,esm2-35m,kmer3-logistic,1,balanced_accuracy,NA,NA,NA,NA,NA,5,5,4,4,NA,insufficient_sequences
1,confirmatory,2,length,3,length_600_799,2,cluster50,1,esm2-35m,kmer3-logistic,2,macro_f1,NA,NA,NA,NA,NA,5,5,4,4,NA,insufficient_sequences
1,confirmatory,2,length,4,length_800_1000,2,cluster50,1,esm2-35m,kmer3-logistic,0,accuracy,NA,NA,NA,NA,NA,<5,NA,<3,NA,NA,privacy_suppressed
1,confirmatory,2,length,4,length_800_1000,2,cluster50,1,esm2-35m,kmer3-logistic,1,balanced_accuracy,NA,NA,NA,NA,NA,<5,NA,<3,NA,NA,privacy_suppressed
1,confirmatory,2,length,4,length_800_1000,2,cluster50,1,esm2-35m,kmer3-logistic,2,macro_f1,NA,NA,NA,NA,NA,<5,NA,<3,NA,NA,privacy_suppressed
1,confirmatory,2,length,0,length_050_199,2,cluster50,2,esm2-150m,aac-logistic,0,accuracy,NA,NA,NA,NA,NA,9,9,8,8,NA,insufficient_sequences
1,confirmatory,2,length,0,length_050_199,2,cluster50,2,esm2-150m,aac-logistic,1,balanced_accuracy,NA,NA,NA,NA,NA,9,9,8,8,NA,insufficient_sequences
1,confirmatory,2,length,0,length_050_199,2,cluster50,2,esm2-150m,aac-logistic,2,macro_f1,NA,NA,NA,NA,NA,9,9,8,8,NA,insufficient_sequences
1,confirmatory,2,length,1,length_200_399,2,cluster50,2,esm2-150m,aac-logistic,0,accuracy,0.86046511627907,0.372093023255814,0.488372093023256,0.317073170731707,0.659090909090909,43,43,38,38,2026,reportable
1,confirmatory,2,length,1,length_200_399,2,cluster50,2,esm2-150m,aac-logistic,1,balanced_accuracy,0.845714285714286,0.397857142857143,0.447857142857143,0.193053300865801,0.640001831501831,43,43,38,38,2026,reportable
1,confirmatory,2,length,1,length_200_399,2,cluster50,2,esm2-150m,aac-logistic,2,macro_f1,0.847634032634033,0.382307692307692,0.46532634032634,0.28046496215455,0.634932140561173,43,43,38,38,2026,reportable
1,confirmatory,2,length,2,length_400_599,2,cluster50,2,esm2-150m,aac-logistic,0,accuracy,NA,NA,NA,NA,NA,9,9,9,9,NA,insufficient_sequences
1,confirmatory,2,length,2,length_400_599,2,cluster50,2,esm2-150m,aac-logistic,1,balanced_accuracy,NA,NA,NA,NA,NA,9,9,9,9,NA,insufficient_sequences
1,confirmatory,2,length,2,length_400_599,2,cluster50,2,esm2-150m,aac-logistic,2,macro_f1,NA,NA,NA,NA,NA,9,9,9,9,NA,insufficient_sequences
1,confirmatory,2,length,3,length_600_799,2,cluster50,2,esm2-150m,aac-logistic,0,accuracy,NA,NA,NA,NA,NA,5,5,4,4,NA,insufficient_sequences
1,confirmatory,2,length,3,length_600_799,2,cluster50,2,esm2-150m,aac-logistic,1,balanced_accuracy,NA,NA,NA,NA,NA,5,5,4,4,NA,insufficient_sequences
1,confirmatory,2,length,3,length_600_799,2,cluster50,2,esm2-150m,aac-logistic,2,macro_f1,NA,NA,NA,NA,NA,5,5,4,4,NA,insufficient_sequences
1,confirmatory,2,length,4,length_800_1000,2,cluster50,2,esm2-150m,aac-logistic,0,accuracy,NA,NA,NA,NA,NA,<5,NA,<3,NA,NA,privacy_suppressed
1,confirmatory,2,length,4,length_800_1000,2,cluster50,2,esm2-150m,aac-logistic,1,balanced_accuracy,NA,NA,NA,NA,NA,<5,NA,<3,NA,NA,privacy_suppressed
1,confirmatory,2,length,4,length_800_1000,2,cluster50,2,esm2-150m,aac-logistic,2,macro_f1,NA,NA,NA,NA,NA,<5,NA,<3,NA,NA,privacy_suppressed
1,confirmatory,2,length,0,length_050_199,2,cluster50,3,esm2-150m,kmer3-logistic,0,accuracy,NA,NA,NA,NA,NA,9,9,8,8,NA,insufficient_sequences
1,confirmatory,2,length,0,length_050_199,2,cluster50,3,esm2-150m,kmer3-logistic,1,balanced_accuracy,NA,NA,NA,NA,NA,9,9,8,8,NA,insufficient_sequences
1,confirmatory,2,length,0,length_050_199,2,cluster50,3,esm2-150m,kmer3-logistic,2,macro_f1,NA,NA,NA,NA,NA,9,9,8,8,NA,insufficient_sequences
1,confirmatory,2,length,1,length_200_399,2,cluster50,3,esm2-150m,kmer3-logistic,0,accuracy,0.86046511627907,0.488372093023256,0.372093023255814,0.195121951219512,0.547619047619048,43,43,38,38,2026,reportable
1,confirmatory,2,length,1,length_200_399,2,cluster50,3,esm2-150m,kmer3-logistic,1,balanced_accuracy,0.845714285714286,0.462857142857143,0.382857142857143,0.184948773448773,0.573065476190476,43,43,38,38,2026,reportable
1,confirmatory,2,length,1,length_200_399,2,cluster50,3,esm2-150m,kmer3-logistic,2,macro_f1,0.847634032634033,0.459219219219219,0.388414813414813,0.205763072949606,0.591886872930991,43,43,38,38,2026,reportable
1,confirmatory,2,length,2,length_400_599,2,cluster50,3,esm2-150m,kmer3-logistic,0,accuracy,NA,NA,NA,NA,NA,9,9,9,9,NA,insufficient_sequences
1,confirmatory,2,length,2,length_400_599,2,cluster50,3,esm2-150m,kmer3-logistic,1,balanced_accuracy,NA,NA,NA,NA,NA,9,9,9,9,NA,insufficient_sequences
1,confirmatory,2,length,2,length_400_599,2,cluster50,3,esm2-150m,kmer3-logistic,2,macro_f1,NA,NA,NA,NA,NA,9,9,9,9,NA,insufficient_sequences
1,confirmatory,2,length,3,length_600_799,2,cluster50,3,esm2-150m,kmer3-logistic,0,accuracy,NA,NA,NA,NA,NA,5,5,4,4,NA,insufficient_sequences
1,confirmatory,2,length,3,length_600_799,2,cluster50,3,esm2-150m,kmer3-logistic,1,balanced_accuracy,NA,NA,NA,NA,NA,5,5,4,4,NA,insufficient_sequences
1,confirmatory,2,length,3,length_600_799,2,cluster50,3,esm2-150m,kmer3-logistic,2,macro_f1,NA,NA,NA,NA,NA,5,5,4,4,NA,insufficient_sequences
1,confirmatory,2,length,4,length_800_1000,2,cluster50,3,esm2-150m,kmer3-logistic,0,accuracy,NA,NA,NA,NA,NA,<5,NA,<3,NA,NA,privacy_suppressed
1,confirmatory,2,length,4,length_800_1000,2,cluster50,3,esm2-150m,kmer3-logistic,1,balanced_accuracy,NA,NA,NA,NA,NA,<5,NA,<3,NA,NA,privacy_suppressed
1,confirmatory,2,length,4,length_800_1000,2,cluster50,3,esm2-150m,kmer3-logistic,2,macro_f1,NA,NA,NA,NA,NA,<5,NA,<3,NA,NA,privacy_suppressed
1,confirmatory,2,length,0,length_050_199,2,cluster50,4,esm2-150m,esm2-35m,0,accuracy,NA,NA,NA,NA,NA,9,9,8,8,NA,insufficient_sequences
1,confirmatory,2,length,0,length_050_199,2,cluster50,4,esm2-150m,esm2-35m,1,balanced_accuracy,NA,NA,NA,NA,NA,9,9,8,8,NA,insufficient_sequences
1,confirmatory,2,length,0,length_050_199,2,cluster50,4,esm2-150m,esm2-35m,2,macro_f1,NA,NA,NA,NA,NA,9,9,8,8,NA,insufficient_sequences
1,confirmatory,2,length,1,length_200_399,2,cluster50,4,esm2-150m,esm2-35m,0,accuracy,0.86046511627907,0.837209302325581,0.023255813953488,-0.048780487804878,0.111111111111111,43,43,38,38,2026,reportable
1,confirmatory,2,length,1,length_200_399,2,cluster50,4,esm2-150m,esm2-35m,1,balanced_accuracy,0.845714285714286,0.805714285714286,0.04,-0.06,0.194570707070707,43,43,38,38,2026,reportable
1,confirmatory,2,length,1,length_200_399,2,cluster50,4,esm2-150m,esm2-35m,2,macro_f1,0.847634032634033,0.820262943887232,0.0273710887468,-0.08730750274737,0.195455047368091,43,43,38,38,2026,reportable
1,confirmatory,2,length,2,length_400_599,2,cluster50,4,esm2-150m,esm2-35m,0,accuracy,NA,NA,NA,NA,NA,9,9,9,9,NA,insufficient_sequences
1,confirmatory,2,length,2,length_400_599,2,cluster50,4,esm2-150m,esm2-35m,1,balanced_accuracy,NA,NA,NA,NA,NA,9,9,9,9,NA,insufficient_sequences
1,confirmatory,2,length,2,length_400_599,2,cluster50,4,esm2-150m,esm2-35m,2,macro_f1,NA,NA,NA,NA,NA,9,9,9,9,NA,insufficient_sequences
1,confirmatory,2,length,3,length_600_799,2,cluster50,4,esm2-150m,esm2-35m,0,accuracy,NA,NA,NA,NA,NA,5,5,4,4,NA,insufficient_sequences
1,confirmatory,2,length,3,length_600_799,2,cluster50,4,esm2-150m,esm2-35m,1,balanced_accuracy,NA,NA,NA,NA,NA,5,5,4,4,NA,insufficient_sequences
1,confirmatory,2,length,3,length_600_799,2,cluster50,4,esm2-150m,esm2-35m,2,macro_f1,NA,NA,NA,NA,NA,5,5,4,4,NA,insufficient_sequences
1,confirmatory,2,length,4,length_800_1000,2,cluster50,4,esm2-150m,esm2-35m,0,accuracy,NA,NA,NA,NA,NA,<5,NA,<3,NA,NA,privacy_suppressed
1,confirmatory,2,length,4,length_800_1000,2,cluster50,4,esm2-150m,esm2-35m,1,balanced_accuracy,NA,NA,NA,NA,NA,<5,NA,<3,NA,NA,privacy_suppressed
1,confirmatory,2,length,4,length_800_1000,2,cluster50,4,esm2-150m,esm2-35m,2,macro_f1,NA,NA,NA,NA,NA,<5,NA,<3,NA,NA,privacy_suppressed
1,confirmatory,2,length,0,length_050_199,3,cluster30,0,esm2-35m,aac-logistic,0,accuracy,NA,NA,NA,NA,NA,7,7,6,6,NA,insufficient_sequences
1,confirmatory,2,length,0,length_050_199,3,cluster30,0,esm2-35m,aac-logistic,1,balanced_accuracy,NA,NA,NA,NA,NA,7,7,6,6,NA,insufficient_sequences
1,confirmatory,2,length,0,length_050_199,3,cluster30,0,esm2-35m,aac-logistic,2,macro_f1,NA,NA,NA,NA,NA,7,7,6,6,NA,insufficient_sequences
1,confirmatory,2,length,1,length_200_399,3,cluster30,0,esm2-35m,aac-logistic,0,accuracy,0.9,0.275,0.625,0.452321428571429,0.780487804878049,40,40,36,36,2026,reportable
1,confirmatory,2,length,1,length_200_399,3,cluster30,0,esm2-35m,aac-logistic,1,balanced_accuracy,0.868333333333333,0.236666666666667,0.631666666666667,0.416598559936795,0.806143127705628,40,40,36,36,2026,reportable
1,confirmatory,2,length,1,length_200_399,3,cluster30,0,esm2-35m,aac-logistic,2,macro_f1,0.881486592682039,0.245641025641026,0.635845567041013,0.424698622030144,0.803961197460053,40,40,36,36,2026,reportable
1,confirmatory,2,length,2,length_400_599,3,cluster30,0,esm2-35m,aac-logistic,0,accuracy,NA,NA,NA,NA,NA,15,15,14,14,NA,insufficient_sequences
1,confirmatory,2,length,2,length_400_599,3,cluster30,0,esm2-35m,aac-logistic,1,balanced_accuracy,NA,NA,NA,NA,NA,15,15,14,14,NA,insufficient_sequences
1,confirmatory,2,length,2,length_400_599,3,cluster30,0,esm2-35m,aac-logistic,2,macro_f1,NA,NA,NA,NA,NA,15,15,14,14,NA,insufficient_sequences
1,confirmatory,2,length,3,length_600_799,3,cluster30,0,esm2-35m,aac-logistic,0,accuracy,NA,NA,NA,NA,NA,<5,NA,3,NA,NA,privacy_suppressed
1,confirmatory,2,length,3,length_600_799,3,cluster30,0,esm2-35m,aac-logistic,1,balanced_accuracy,NA,NA,NA,NA,NA,<5,NA,3,NA,NA,privacy_suppressed
1,confirmatory,2,length,3,length_600_799,3,cluster30,0,esm2-35m,aac-logistic,2,macro_f1,NA,NA,NA,NA,NA,<5,NA,3,NA,NA,privacy_suppressed
1,confirmatory,2,length,4,length_800_1000,3,cluster30,0,esm2-35m,aac-logistic,0,accuracy,NA,NA,NA,NA,NA,<5,NA,<3,NA,NA,privacy_suppressed
1,confirmatory,2,length,4,length_800_1000,3,cluster30,0,esm2-35m,aac-logistic,1,balanced_accuracy,NA,NA,NA,NA,NA,<5,NA,<3,NA,NA,privacy_suppressed
1,confirmatory,2,length,4,length_800_1000,3,cluster30,0,esm2-35m,aac-logistic,2,macro_f1,NA,NA,NA,NA,NA,<5,NA,<3,NA,NA,privacy_suppressed
1,confirmatory,2,length,0,length_050_199,3,cluster30,1,esm2-35m,kmer3-logistic,0,accuracy,NA,NA,NA,NA,NA,7,7,6,6,NA,insufficient_sequences
1,confirmatory,2,length,0,length_050_199,3,cluster30,1,esm2-35m,kmer3-logistic,1,balanced_accuracy,NA,NA,NA,NA,NA,7,7,6,6,NA,insufficient_sequences
1,confirmatory,2,length,0,length_050_199,3,cluster30,1,esm2-35m,kmer3-logistic,2,macro_f1,NA,NA,NA,NA,NA,7,7,6,6,NA,insufficient_sequences
1,confirmatory,2,length,1,length_200_399,3,cluster30,1,esm2-35m,kmer3-logistic,0,accuracy,0.9,0.5,0.4,0.24390243902439,0.558139534883721,40,40,36,36,2026,reportable
1,confirmatory,2,length,1,length_200_399,3,cluster30,1,esm2-35m,kmer3-logistic,1,balanced_accuracy,0.868333333333333,0.421666666666667,0.446666666666667,0.281666666666667,0.6,40,40,36,36,2026,reportable
1,confirmatory,2,length,1,length_200_399,3,cluster30,1,esm2-35m,kmer3-logistic,2,macro_f1,0.881486592682039,0.372094214029698,0.509392378652341,0.340188772749533,0.654113534044936,40,40,36,36,2026,reportable
1,confirmatory,2,length,2,length_400_599,3,cluster30,1,esm2-35m,kmer3-logistic,0,accuracy,NA,NA,NA,NA,NA,15,15,14,14,NA,insufficient_sequences
1,confirmatory,2,length,2,length_400_599,3,cluster30,1,esm2-35m,kmer3-logistic,1,balanced_accuracy,NA,NA,NA,NA,NA,15,15,14,14,NA,insufficient_sequences
1,confirmatory,2,length,2,length_400_599,3,cluster30,1,esm2-35m,kmer3-logistic,2,macro_f1,NA,NA,NA,NA,NA,15,15,14,14,NA,insufficient_sequences
1,confirmatory,2,length,3,length_600_799,3,cluster30,1,esm2-35m,kmer3-logistic,0,accuracy,NA,NA,NA,NA,NA,<5,NA,3,NA,NA,privacy_suppressed
1,confirmatory,2,length,3,length_600_799,3,cluster30,1,esm2-35m,kmer3-logistic,1,balanced_accuracy,NA,NA,NA,NA,NA,<5,NA,3,NA,NA,privacy_suppressed
1,confirmatory,2,length,3,length_600_799,3,cluster30,1,esm2-35m,kmer3-logistic,2,macro_f1,NA,NA,NA,NA,NA,<5,NA,3,NA,NA,privacy_suppressed
1,confirmatory,2,length,4,length_800_1000,3,cluster30,1,esm2-35m,kmer3-logistic,0,accuracy,NA,NA,NA,NA,NA,<5,NA,<3,NA,NA,privacy_suppressed
1,confirmatory,2,length,4,length_800_1000,3,cluster30,1,esm2-35m,kmer3-logistic,1,balanced_accuracy,NA,NA,NA,NA,NA,<5,NA,<3,NA,NA,privacy_suppressed
1,confirmatory,2,length,4,length_800_1000,3,cluster30,1,esm2-35m,kmer3-logistic,2,macro_f1,NA,NA,NA,NA,NA,<5,NA,<3,NA,NA,privacy_suppressed
1,confirmatory,2,length,0,length_050_199,3,cluster30,2,esm2-150m,aac-logistic,0,accuracy,NA,NA,NA,NA,NA,7,7,6,6,NA,insufficient_sequences
1,confirmatory,2,length,0,length_050_199,3,cluster30,2,esm2-150m,aac-logistic,1,balanced_accuracy,NA,NA,NA,NA,NA,7,7,6,6,NA,insufficient_sequences
1,confirmatory,2,length,0,length_050_199,3,cluster30,2,esm2-150m,aac-logistic,2,macro_f1,NA,NA,NA,NA,NA,7,7,6,6,NA,insufficient_sequences
1,confirmatory,2,length,1,length_200_399,3,cluster30,2,esm2-150m,aac-logistic,0,accuracy,0.9,0.275,0.625,0.447159820282413,0.780487804878049,40,40,36,36,2026,reportable
1,confirmatory,2,length,1,length_200_399,3,cluster30,2,esm2-150m,aac-logistic,1,balanced_accuracy,0.888333333333333,0.236666666666667,0.651666666666667,0.42025,0.819515056022409,40,40,36,36,2026,reportable
1,confirmatory,2,length,1,length_200_399,3,cluster30,2,esm2-150m,aac-logistic,2,macro_f1,0.896371657016818,0.245641025641026,0.650730631375793,0.445659728987902,0.825797847985348,40,40,36,36,2026,reportable
1,confirmatory,2,length,2,length_400_599,3,cluster30,2,esm2-150m,aac-logistic,0,accuracy,NA,NA,NA,NA,NA,15,15,14,14,NA,insufficient_sequences
1,confirmatory,2,length,2,length_400_599,3,cluster30,2,esm2-150m,aac-logistic,1,balanced_accuracy,NA,NA,NA,NA,NA,15,15,14,14,NA,insufficient_sequences
1,confirmatory,2,length,2,length_400_599,3,cluster30,2,esm2-150m,aac-logistic,2,macro_f1,NA,NA,NA,NA,NA,15,15,14,14,NA,insufficient_sequences
1,confirmatory,2,length,3,length_600_799,3,cluster30,2,esm2-150m,aac-logistic,0,accuracy,NA,NA,NA,NA,NA,<5,NA,3,NA,NA,privacy_suppressed
1,confirmatory,2,length,3,length_600_799,3,cluster30,2,esm2-150m,aac-logistic,1,balanced_accuracy,NA,NA,NA,NA,NA,<5,NA,3,NA,NA,privacy_suppressed
1,confirmatory,2,length,3,length_600_799,3,cluster30,2,esm2-150m,aac-logistic,2,macro_f1,NA,NA,NA,NA,NA,<5,NA,3,NA,NA,privacy_suppressed
1,confirmatory,2,length,4,length_800_1000,3,cluster30,2,esm2-150m,aac-logistic,0,accuracy,NA,NA,NA,NA,NA,<5,NA,<3,NA,NA,privacy_suppressed
1,confirmatory,2,length,4,length_800_1000,3,cluster30,2,esm2-150m,aac-logistic,1,balanced_accuracy,NA,NA,NA,NA,NA,<5,NA,<3,NA,NA,privacy_suppressed
1,confirmatory,2,length,4,length_800_1000,3,cluster30,2,esm2-150m,aac-logistic,2,macro_f1,NA,NA,NA,NA,NA,<5,NA,<3,NA,NA,privacy_suppressed
1,confirmatory,2,length,0,length_050_199,3,cluster30,3,esm2-150m,kmer3-logistic,0,accuracy,NA,NA,NA,NA,NA,7,7,6,6,NA,insufficient_sequences
1,confirmatory,2,length,0,length_050_199,3,cluster30,3,esm2-150m,kmer3-logistic,1,balanced_accuracy,NA,NA,NA,NA,NA,7,7,6,6,NA,insufficient_sequences
1,confirmatory,2,length,0,length_050_199,3,cluster30,3,esm2-150m,kmer3-logistic,2,macro_f1,NA,NA,NA,NA,NA,7,7,6,6,NA,insufficient_sequences
1,confirmatory,2,length,1,length_200_399,3,cluster30,3,esm2-150m,kmer3-logistic,0,accuracy,0.9,0.5,0.4,0.230769230769231,0.578947368421053,40,40,36,36,2026,reportable
1,confirmatory,2,length,1,length_200_399,3,cluster30,3,esm2-150m,kmer3-logistic,1,balanced_accuracy,0.888333333333333,0.421666666666667,0.466666666666667,0.286347402597403,0.630250541125541,40,40,36,36,2026,reportable
1,confirmatory,2,length,1,length_200_399,3,cluster30,3,esm2-150m,kmer3-logistic,2,macro_f1,0.896371657016818,0.372094214029698,0.52427744298712,0.330891847854884,0.674307238369738,40,40,36,36,2026,reportable
1,confirmatory,2,length,2,length_400_599,3,cluster30,3,esm2-150m,kmer3-logistic,0,accuracy,NA,NA,NA,NA,NA,15,15,14,14,NA,insufficient_sequences
1,confirmatory,2,length,2,length_400_599,3,cluster30,3,esm2-150m,kmer3-logistic,1,balanced_accuracy,NA,NA,NA,NA,NA,15,15,14,14,NA,insufficient_sequences
1,confirmatory,2,length,2,length_400_599,3,cluster30,3,esm2-150m,kmer3-logistic,2,macro_f1,NA,NA,NA,NA,NA,15,15,14,14,NA,insufficient_sequences
1,confirmatory,2,length,3,length_600_799,3,cluster30,3,esm2-150m,kmer3-logistic,0,accuracy,NA,NA,NA,NA,NA,<5,NA,3,NA,NA,privacy_suppressed
1,confirmatory,2,length,3,length_600_799,3,cluster30,3,esm2-150m,kmer3-logistic,1,balanced_accuracy,NA,NA,NA,NA,NA,<5,NA,3,NA,NA,privacy_suppressed
1,confirmatory,2,length,3,length_600_799,3,cluster30,3,esm2-150m,kmer3-logistic,2,macro_f1,NA,NA,NA,NA,NA,<5,NA,3,NA,NA,privacy_suppressed
1,confirmatory,2,length,4,length_800_1000,3,cluster30,3,esm2-150m,kmer3-logistic,0,accuracy,NA,NA,NA,NA,NA,<5,NA,<3,NA,NA,privacy_suppressed
1,confirmatory,2,length,4,length_800_1000,3,cluster30,3,esm2-150m,kmer3-logistic,1,balanced_accuracy,NA,NA,NA,NA,NA,<5,NA,<3,NA,NA,privacy_suppressed
1,confirmatory,2,length,4,length_800_1000,3,cluster30,3,esm2-150m,kmer3-logistic,2,macro_f1,NA,NA,NA,NA,NA,<5,NA,<3,NA,NA,privacy_suppressed
1,confirmatory,2,length,0,length_050_199,3,cluster30,4,esm2-150m,esm2-35m,0,accuracy,NA,NA,NA,NA,NA,7,7,6,6,NA,insufficient_sequences
1,confirmatory,2,length,0,length_050_199,3,cluster30,4,esm2-150m,esm2-35m,1,balanced_accuracy,NA,NA,NA,NA,NA,7,7,6,6,NA,insufficient_sequences
1,confirmatory,2,length,0,length_050_199,3,cluster30,4,esm2-150m,esm2-35m,2,macro_f1,NA,NA,NA,NA,NA,7,7,6,6,NA,insufficient_sequences
1,confirmatory,2,length,1,length_200_399,3,cluster30,4,esm2-150m,esm2-35m,0,accuracy,0.9,0.9,0,-0.102564102564103,0.097560975609756,40,40,36,36,2026,reportable
1,confirmatory,2,length,1,length_200_399,3,cluster30,4,esm2-150m,esm2-35m,1,balanced_accuracy,0.888333333333333,0.868333333333333,0.02,-0.12,0.16073489010989,40,40,36,36,2026,reportable
1,confirmatory,2,length,1,length_200_399,3,cluster30,4,esm2-150m,esm2-35m,2,macro_f1,0.896371657016818,0.881486592682039,0.01488506433478,-0.128840542521994,0.145858821271865,40,40,36,36,2026,reportable
1,confirmatory,2,length,2,length_400_599,3,cluster30,4,esm2-150m,esm2-35m,0,accuracy,NA,NA,NA,NA,NA,15,15,14,14,NA,insufficient_sequences
1,confirmatory,2,length,2,length_400_599,3,cluster30,4,esm2-150m,esm2-35m,1,balanced_accuracy,NA,NA,NA,NA,NA,15,15,14,14,NA,insufficient_sequences
1,confirmatory,2,length,2,length_400_599,3,cluster30,4,esm2-150m,esm2-35m,2,macro_f1,NA,NA,NA,NA,NA,15,15,14,14,NA,insufficient_sequences
1,confirmatory,2,length,3,length_600_799,3,cluster30,4,esm2-150m,esm2-35m,0,accuracy,NA,NA,NA,NA,NA,<5,NA,3,NA,NA,privacy_suppressed
1,confirmatory,2,length,3,length_600_799,3,cluster30,4,esm2-150m,esm2-35m,1,balanced_accuracy,NA,NA,NA,NA,NA,<5,NA,3,NA,NA,privacy_suppressed
1,confirmatory,2,length,3,length_600_799,3,cluster30,4,esm2-150m,esm2-35m,2,macro_f1,NA,NA,NA,NA,NA,<5,NA,3,NA,NA,privacy_suppressed
1,confirmatory,2,length,4,length_800_1000,3,cluster30,4,esm2-150m,esm2-35m,0,accuracy,NA,NA,NA,NA,NA,<5,NA,<3,NA,NA,privacy_suppressed
1,confirmatory,2,length,4,length_800_1000,3,cluster30,4,esm2-150m,esm2-35m,1,balanced_accuracy,NA,NA,NA,NA,NA,<5,NA,<3,NA,NA,privacy_suppressed
1,confirmatory,2,length,4,length_800_1000,3,cluster30,4,esm2-150m,esm2-35m,2,macro_f1,NA,NA,NA,NA,NA,<5,NA,<3,NA,NA,privacy_suppressed
1,confirmatory,3,ec_class,0,2.7,0,random,0,esm2-35m,aac-logistic,0,accuracy,0.896551724137931,0.379310344827586,0.517241379310345,0.299642857142857,0.714285714285714,29,29,28,28,2026,reportable
1,confirmatory,3,ec_class,0,2.7,0,random,0,esm2-35m,aac-logistic,1,balanced_accuracy,0.179310344827586,0.075862068965517,0.103448275862069,0.06,0.144827586206897,29,29,28,28,2026,reportable
1,confirmatory,3,ec_class,0,2.7,0,random,0,esm2-35m,aac-logistic,2,macro_f1,0.189090909090909,0.11,0.079090909090909,0.042295586968638,0.121342031686859,29,29,28,28,2026,reportable
1,confirmatory,3,ec_class,1,3.1,0,random,0,esm2-35m,aac-logistic,0,accuracy,NA,NA,NA,NA,NA,13,13,13,13,NA,insufficient_sequences
1,confirmatory,3,ec_class,1,3.1,0,random,0,esm2-35m,aac-logistic,1,balanced_accuracy,NA,NA,NA,NA,NA,13,13,13,13,NA,insufficient_sequences
1,confirmatory,3,ec_class,1,3.1,0,random,0,esm2-35m,aac-logistic,2,macro_f1,NA,NA,NA,NA,NA,13,13,13,13,NA,insufficient_sequences
1,confirmatory,3,ec_class,2,1.1,0,random,0,esm2-35m,aac-logistic,0,accuracy,NA,NA,NA,NA,NA,9,9,9,9,NA,insufficient_sequences
1,confirmatory,3,ec_class,2,1.1,0,random,0,esm2-35m,aac-logistic,1,balanced_accuracy,NA,NA,NA,NA,NA,9,9,9,9,NA,insufficient_sequences
1,confirmatory,3,ec_class,2,1.1,0,random,0,esm2-35m,aac-logistic,2,macro_f1,NA,NA,NA,NA,NA,9,9,9,9,NA,insufficient_sequences
1,confirmatory,3,ec_class,3,2.1,0,random,0,esm2-35m,aac-logistic,0,accuracy,NA,NA,NA,NA,NA,8,8,8,8,NA,insufficient_sequences
1,confirmatory,3,ec_class,3,2.1,0,random,0,esm2-35m,aac-logistic,1,balanced_accuracy,NA,NA,NA,NA,NA,8,8,8,8,NA,insufficient_sequences
1,confirmatory,3,ec_class,3,2.1,0,random,0,esm2-35m,aac-logistic,2,macro_f1,NA,NA,NA,NA,NA,8,8,8,8,NA,insufficient_sequences
1,confirmatory,3,ec_class,4,4.1,0,random,0,esm2-35m,aac-logistic,0,accuracy,NA,NA,NA,NA,NA,7,7,7,7,NA,insufficient_sequences
1,confirmatory,3,ec_class,4,4.1,0,random,0,esm2-35m,aac-logistic,1,balanced_accuracy,NA,NA,NA,NA,NA,7,7,7,7,NA,insufficient_sequences
1,confirmatory,3,ec_class,4,4.1,0,random,0,esm2-35m,aac-logistic,2,macro_f1,NA,NA,NA,NA,NA,7,7,7,7,NA,insufficient_sequences
1,confirmatory,3,ec_class,0,2.7,0,random,1,esm2-35m,kmer3-logistic,0,accuracy,0.896551724137931,0.689655172413793,0.206896551724138,0,0.413793103448276,29,29,28,28,2026,reportable
1,confirmatory,3,ec_class,0,2.7,0,random,1,esm2-35m,kmer3-logistic,1,balanced_accuracy,0.179310344827586,0.137931034482759,0.041379310344828,0,0.082758620689655,29,29,28,28,2026,reportable
1,confirmatory,3,ec_class,0,2.7,0,random,1,esm2-35m,kmer3-logistic,2,macro_f1,0.189090909090909,0.163265306122449,0.02582560296846,0,0.056149179767601,29,29,28,28,2026,reportable
1,confirmatory,3,ec_class,1,3.1,0,random,1,esm2-35m,kmer3-logistic,0,accuracy,NA,NA,NA,NA,NA,13,13,13,13,NA,insufficient_sequences
1,confirmatory,3,ec_class,1,3.1,0,random,1,esm2-35m,kmer3-logistic,1,balanced_accuracy,NA,NA,NA,NA,NA,13,13,13,13,NA,insufficient_sequences
1,confirmatory,3,ec_class,1,3.1,0,random,1,esm2-35m,kmer3-logistic,2,macro_f1,NA,NA,NA,NA,NA,13,13,13,13,NA,insufficient_sequences
1,confirmatory,3,ec_class,2,1.1,0,random,1,esm2-35m,kmer3-logistic,0,accuracy,NA,NA,NA,NA,NA,9,9,9,9,NA,insufficient_sequences
1,confirmatory,3,ec_class,2,1.1,0,random,1,esm2-35m,kmer3-logistic,1,balanced_accuracy,NA,NA,NA,NA,NA,9,9,9,9,NA,insufficient_sequences
1,confirmatory,3,ec_class,2,1.1,0,random,1,esm2-35m,kmer3-logistic,2,macro_f1,NA,NA,NA,NA,NA,9,9,9,9,NA,insufficient_sequences
1,confirmatory,3,ec_class,3,2.1,0,random,1,esm2-35m,kmer3-logistic,0,accuracy,NA,NA,NA,NA,NA,8,8,8,8,NA,insufficient_sequences
1,confirmatory,3,ec_class,3,2.1,0,random,1,esm2-35m,kmer3-logistic,1,balanced_accuracy,NA,NA,NA,NA,NA,8,8,8,8,NA,insufficient_sequences
1,confirmatory,3,ec_class,3,2.1,0,random,1,esm2-35m,kmer3-logistic,2,macro_f1,NA,NA,NA,NA,NA,8,8,8,8,NA,insufficient_sequences
1,confirmatory,3,ec_class,4,4.1,0,random,1,esm2-35m,kmer3-logistic,0,accuracy,NA,NA,NA,NA,NA,7,7,7,7,NA,insufficient_sequences
1,confirmatory,3,ec_class,4,4.1,0,random,1,esm2-35m,kmer3-logistic,1,balanced_accuracy,NA,NA,NA,NA,NA,7,7,7,7,NA,insufficient_sequences
1,confirmatory,3,ec_class,4,4.1,0,random,1,esm2-35m,kmer3-logistic,2,macro_f1,NA,NA,NA,NA,NA,7,7,7,7,NA,insufficient_sequences
1,confirmatory,3,ec_class,0,2.7,0,random,2,esm2-150m,aac-logistic,0,accuracy,0.896551724137931,0.379310344827586,0.517241379310345,0.321428571428571,0.709677419354839,29,29,28,28,2026,reportable
1,confirmatory,3,ec_class,0,2.7,0,random,2,esm2-150m,aac-logistic,1,balanced_accuracy,0.179310344827586,0.075862068965517,0.103448275862069,0.064285714285714,0.137931034482759,29,29,28,28,2026,reportable
1,confirmatory,3,ec_class,0,2.7,0,random,2,esm2-150m,aac-logistic,2,macro_f1,0.189090909090909,0.11,0.079090909090909,0.045031055900621,0.120519480519481,29,29,28,28,2026,reportable
1,confirmatory,3,ec_class,1,3.1,0,random,2,esm2-150m,aac-logistic,0,accuracy,NA,NA,NA,NA,NA,13,13,13,13,NA,insufficient_sequences
1,confirmatory,3,ec_class,1,3.1,0,random,2,esm2-150m,aac-logistic,1,balanced_accuracy,NA,NA,NA,NA,NA,13,13,13,13,NA,insufficient_sequences
1,confirmatory,3,ec_class,1,3.1,0,random,2,esm2-150m,aac-logistic,2,macro_f1,NA,NA,NA,NA,NA,13,13,13,13,NA,insufficient_sequences
1,confirmatory,3,ec_class,2,1.1,0,random,2,esm2-150m,aac-logistic,0,accuracy,NA,NA,NA,NA,NA,9,9,9,9,NA,insufficient_sequences
1,confirmatory,3,ec_class,2,1.1,0,random,2,esm2-150m,aac-logistic,1,balanced_accuracy,NA,NA,NA,NA,NA,9,9,9,9,NA,insufficient_sequences
1,confirmatory,3,ec_class,2,1.1,0,random,2,esm2-150m,aac-logistic,2,macro_f1,NA,NA,NA,NA,NA,9,9,9,9,NA,insufficient_sequences
1,confirmatory,3,ec_class,3,2.1,0,random,2,esm2-150m,aac-logistic,0,accuracy,NA,NA,NA,NA,NA,8,8,8,8,NA,insufficient_sequences
1,confirmatory,3,ec_class,3,2.1,0,random,2,esm2-150m,aac-logistic,1,balanced_accuracy,NA,NA,NA,NA,NA,8,8,8,8,NA,insufficient_sequences
1,confirmatory,3,ec_class,3,2.1,0,random,2,esm2-150m,aac-logistic,2,macro_f1,NA,NA,NA,NA,NA,8,8,8,8,NA,insufficient_sequences
1,confirmatory,3,ec_class,4,4.1,0,random,2,esm2-150m,aac-logistic,0,accuracy,NA,NA,NA,NA,NA,7,7,7,7,NA,insufficient_sequences
1,confirmatory,3,ec_class,4,4.1,0,random,2,esm2-150m,aac-logistic,1,balanced_accuracy,NA,NA,NA,NA,NA,7,7,7,7,NA,insufficient_sequences
1,confirmatory,3,ec_class,4,4.1,0,random,2,esm2-150m,aac-logistic,2,macro_f1,NA,NA,NA,NA,NA,7,7,7,7,NA,insufficient_sequences
1,confirmatory,3,ec_class,0,2.7,0,random,3,esm2-150m,kmer3-logistic,0,accuracy,0.896551724137931,0.689655172413793,0.206896551724138,0,0.413793103448276,29,29,28,28,2026,reportable
1,confirmatory,3,ec_class,0,2.7,0,random,3,esm2-150m,kmer3-logistic,1,balanced_accuracy,0.179310344827586,0.137931034482759,0.041379310344828,0,0.082758620689655,29,29,28,28,2026,reportable
1,confirmatory,3,ec_class,0,2.7,0,random,3,esm2-150m,kmer3-logistic,2,macro_f1,0.189090909090909,0.163265306122449,0.02582560296846,0,0.056828752642706,29,29,28,28,2026,reportable
1,confirmatory,3,ec_class,1,3.1,0,random,3,esm2-150m,kmer3-logistic,0,accuracy,NA,NA,NA,NA,NA,13,13,13,13,NA,insufficient_sequences
1,confirmatory,3,ec_class,1,3.1,0,random,3,esm2-150m,kmer3-logistic,1,balanced_accuracy,NA,NA,NA,NA,NA,13,13,13,13,NA,insufficient_sequences
1,confirmatory,3,ec_class,1,3.1,0,random,3,esm2-150m,kmer3-logistic,2,macro_f1,NA,NA,NA,NA,NA,13,13,13,13,NA,insufficient_sequences
1,confirmatory,3,ec_class,2,1.1,0,random,3,esm2-150m,kmer3-logistic,0,accuracy,NA,NA,NA,NA,NA,9,9,9,9,NA,insufficient_sequences
1,confirmatory,3,ec_class,2,1.1,0,random,3,esm2-150m,kmer3-logistic,1,balanced_accuracy,NA,NA,NA,NA,NA,9,9,9,9,NA,insufficient_sequences
1,confirmatory,3,ec_class,2,1.1,0,random,3,esm2-150m,kmer3-logistic,2,macro_f1,NA,NA,NA,NA,NA,9,9,9,9,NA,insufficient_sequences
1,confirmatory,3,ec_class,3,2.1,0,random,3,esm2-150m,kmer3-logistic,0,accuracy,NA,NA,NA,NA,NA,8,8,8,8,NA,insufficient_sequences
1,confirmatory,3,ec_class,3,2.1,0,random,3,esm2-150m,kmer3-logistic,1,balanced_accuracy,NA,NA,NA,NA,NA,8,8,8,8,NA,insufficient_sequences
1,confirmatory,3,ec_class,3,2.1,0,random,3,esm2-150m,kmer3-logistic,2,macro_f1,NA,NA,NA,NA,NA,8,8,8,8,NA,insufficient_sequences
1,confirmatory,3,ec_class,4,4.1,0,random,3,esm2-150m,kmer3-logistic,0,accuracy,NA,NA,NA,NA,NA,7,7,7,7,NA,insufficient_sequences
1,confirmatory,3,ec_class,4,4.1,0,random,3,esm2-150m,kmer3-logistic,1,balanced_accuracy,NA,NA,NA,NA,NA,7,7,7,7,NA,insufficient_sequences
1,confirmatory,3,ec_class,4,4.1,0,random,3,esm2-150m,kmer3-logistic,2,macro_f1,NA,NA,NA,NA,NA,7,7,7,7,NA,insufficient_sequences
1,confirmatory,3,ec_class,0,2.7,0,random,4,esm2-150m,esm2-35m,0,accuracy,0.896551724137931,0.896551724137931,0,-0.103448275862069,0.103448275862069,29,29,28,28,2026,reportable
1,confirmatory,3,ec_class,0,2.7,0,random,4,esm2-150m,esm2-35m,1,balanced_accuracy,0.179310344827586,0.179310344827586,0,-0.020689655172414,0.020689655172414,29,29,28,28,2026,reportable
1,confirmatory,3,ec_class,0,2.7,0,random,4,esm2-150m,esm2-35m,2,macro_f1,0.189090909090909,0.189090909090909,0,-0.01089588377724,0.012129380053908,29,29,28,28,2026,reportable
1,confirmatory,3,ec_class,1,3.1,0,random,4,esm2-150m,esm2-35m,0,accuracy,NA,NA,NA,NA,NA,13,13,13,13,NA,insufficient_sequences
1,confirmatory,3,ec_class,1,3.1,0,random,4,esm2-150m,esm2-35m,1,balanced_accuracy,NA,NA,NA,NA,NA,13,13,13,13,NA,insufficient_sequences
1,confirmatory,3,ec_class,1,3.1,0,random,4,esm2-150m,esm2-35m,2,macro_f1,NA,NA,NA,NA,NA,13,13,13,13,NA,insufficient_sequences
1,confirmatory,3,ec_class,2,1.1,0,random,4,esm2-150m,esm2-35m,0,accuracy,NA,NA,NA,NA,NA,9,9,9,9,NA,insufficient_sequences
1,confirmatory,3,ec_class,2,1.1,0,random,4,esm2-150m,esm2-35m,1,balanced_accuracy,NA,NA,NA,NA,NA,9,9,9,9,NA,insufficient_sequences
1,confirmatory,3,ec_class,2,1.1,0,random,4,esm2-150m,esm2-35m,2,macro_f1,NA,NA,NA,NA,NA,9,9,9,9,NA,insufficient_sequences
1,confirmatory,3,ec_class,3,2.1,0,random,4,esm2-150m,esm2-35m,0,accuracy,NA,NA,NA,NA,NA,8,8,8,8,NA,insufficient_sequences
1,confirmatory,3,ec_class,3,2.1,0,random,4,esm2-150m,esm2-35m,1,balanced_accuracy,NA,NA,NA,NA,NA,8,8,8,8,NA,insufficient_sequences
1,confirmatory,3,ec_class,3,2.1,0,random,4,esm2-150m,esm2-35m,2,macro_f1,NA,NA,NA,NA,NA,8,8,8,8,NA,insufficient_sequences
1,confirmatory,3,ec_class,4,4.1,0,random,4,esm2-150m,esm2-35m,0,accuracy,NA,NA,NA,NA,NA,7,7,7,7,NA,insufficient_sequences
1,confirmatory,3,ec_class,4,4.1,0,random,4,esm2-150m,esm2-35m,1,balanced_accuracy,NA,NA,NA,NA,NA,7,7,7,7,NA,insufficient_sequences
1,confirmatory,3,ec_class,4,4.1,0,random,4,esm2-150m,esm2-35m,2,macro_f1,NA,NA,NA,NA,NA,7,7,7,7,NA,insufficient_sequences
1,confirmatory,3,ec_class,0,2.7,1,cluster70,0,esm2-35m,aac-logistic,0,accuracy,0.896551724137931,0.448275862068966,0.448275862068966,0.266666666666667,0.642857142857143,29,29,28,28,2026,reportable
1,confirmatory,3,ec_class,0,2.7,1,cluster70,0,esm2-35m,aac-logistic,1,balanced_accuracy,0.179310344827586,0.089655172413793,0.089655172413793,0.053333333333333,0.128571428571429,29,29,28,28,2026,reportable
1,confirmatory,3,ec_class,0,2.7,1,cluster70,0,esm2-35m,aac-logistic,2,macro_f1,0.189090909090909,0.123809523809524,0.065281385281385,0.036070853462158,0.103703703703704,29,29,28,28,2026,reportable
1,confirmatory,3,ec_class,1,3.1,1,cluster70,0,esm2-35m,aac-logistic,0,accuracy,NA,NA,NA,NA,NA,13,13,13,13,NA,insufficient_sequences
1,confirmatory,3,ec_class,1,3.1,1,cluster70,0,esm2-35m,aac-logistic,1,balanced_accuracy,NA,NA,NA,NA,NA,13,13,13,13,NA,insufficient_sequences
1,confirmatory,3,ec_class,1,3.1,1,cluster70,0,esm2-35m,aac-logistic,2,macro_f1,NA,NA,NA,NA,NA,13,13,13,13,NA,insufficient_sequences
1,confirmatory,3,ec_class,2,1.1,1,cluster70,0,esm2-35m,aac-logistic,0,accuracy,NA,NA,NA,NA,NA,9,9,8,8,NA,insufficient_sequences
1,confirmatory,3,ec_class,2,1.1,1,cluster70,0,esm2-35m,aac-logistic,1,balanced_accuracy,NA,NA,NA,NA,NA,9,9,8,8,NA,insufficient_sequences
1,confirmatory,3,ec_class,2,1.1,1,cluster70,0,esm2-35m,aac-logistic,2,macro_f1,NA,NA,NA,NA,NA,9,9,8,8,NA,insufficient_sequences
1,confirmatory,3,ec_class,3,2.1,1,cluster70,0,esm2-35m,aac-logistic,0,accuracy,NA,NA,NA,NA,NA,8,8,8,8,NA,insufficient_sequences
1,confirmatory,3,ec_class,3,2.1,1,cluster70,0,esm2-35m,aac-logistic,1,balanced_accuracy,NA,NA,NA,NA,NA,8,8,8,8,NA,insufficient_sequences
1,confirmatory,3,ec_class,3,2.1,1,cluster70,0,esm2-35m,aac-logistic,2,macro_f1,NA,NA,NA,NA,NA,8,8,8,8,NA,insufficient_sequences
1,confirmatory,3,ec_class,4,4.1,1,cluster70,0,esm2-35m,aac-logistic,0,accuracy,NA,NA,NA,NA,NA,7,7,7,7,NA,insufficient_sequences
1,confirmatory,3,ec_class,4,4.1,1,cluster70,0,esm2-35m,aac-logistic,1,balanced_accuracy,NA,NA,NA,NA,NA,7,7,7,7,NA,insufficient_sequences
1,confirmatory,3,ec_class,4,4.1,1,cluster70,0,esm2-35m,aac-logistic,2,macro_f1,NA,NA,NA,NA,NA,7,7,7,7,NA,insufficient_sequences
1,confirmatory,3,ec_class,0,2.7,1,cluster70,1,esm2-35m,kmer3-logistic,0,accuracy,0.896551724137931,0.620689655172414,0.275862068965517,0.068908045977011,0.5,29,29,28,28,2026,reportable
1,confirmatory,3,ec_class,0,2.7,1,cluster70,1,esm2-35m,kmer3-logistic,1,balanced_accuracy,0.179310344827586,0.124137931034483,0.055172413793103,0.013793103448276,0.096551724137931,29,29,28,28,2026,reportable
1,confirmatory,3,ec_class,0,2.7,1,cluster70,1,esm2-35m,kmer3-logistic,2,macro_f1,0.189090909090909,0.153191489361702,0.035899419729207,0.009283713485394,0.070843241825494,29,29,28,28,2026,reportable
1,confirmatory,3,ec_class,1,3.1,1,cluster70,1,esm2-35m,kmer3-logistic,0,accuracy,NA,NA,NA,NA,NA,13,13,13,13,NA,insufficient_sequences
1,confirmatory,3,ec_class,1,3.1,1,cluster70,1,esm2-35m,kmer3-logistic,1,balanced_accuracy,NA,NA,NA,NA,NA,13,13,13,13,NA,insufficient_sequences
1,confirmatory,3,ec_class,1,3.1,1,cluster70,1,esm2-35m,kmer3-logistic,2,macro_f1,NA,NA,NA,NA,NA,13,13,13,13,NA,insufficient_sequences
1,confirmatory,3,ec_class,2,1.1,1,cluster70,1,esm2-35m,kmer3-logistic,0,accuracy,NA,NA,NA,NA,NA,9,9,8,8,NA,insufficient_sequences
1,confirmatory,3,ec_class,2,1.1,1,cluster70,1,esm2-35m,kmer3-logistic,1,balanced_accuracy,NA,NA,NA,NA,NA,9,9,8,8,NA,insufficient_sequences
1,confirmatory,3,ec_class,2,1.1,1,cluster70,1,esm2-35m,kmer3-logistic,2,macro_f1,NA,NA,NA,NA,NA,9,9,8,8,NA,insufficient_sequences
1,confirmatory,3,ec_class,3,2.1,1,cluster70,1,esm2-35m,kmer3-logistic,0,accuracy,NA,NA,NA,NA,NA,8,8,8,8,NA,insufficient_sequences
1,confirmatory,3,ec_class,3,2.1,1,cluster70,1,esm2-35m,kmer3-logistic,1,balanced_accuracy,NA,NA,NA,NA,NA,8,8,8,8,NA,insufficient_sequences
1,confirmatory,3,ec_class,3,2.1,1,cluster70,1,esm2-35m,kmer3-logistic,2,macro_f1,NA,NA,NA,NA,NA,8,8,8,8,NA,insufficient_sequences
1,confirmatory,3,ec_class,4,4.1,1,cluster70,1,esm2-35m,kmer3-logistic,0,accuracy,NA,NA,NA,NA,NA,7,7,7,7,NA,insufficient_sequences
1,confirmatory,3,ec_class,4,4.1,1,cluster70,1,esm2-35m,kmer3-logistic,1,balanced_accuracy,NA,NA,NA,NA,NA,7,7,7,7,NA,insufficient_sequences
1,confirmatory,3,ec_class,4,4.1,1,cluster70,1,esm2-35m,kmer3-logistic,2,macro_f1,NA,NA,NA,NA,NA,7,7,7,7,NA,insufficient_sequences
1,confirmatory,3,ec_class,0,2.7,1,cluster70,2,esm2-150m,aac-logistic,0,accuracy,0.96551724137931,0.448275862068966,0.517241379310345,0.333064516129032,0.689655172413793,29,29,28,28,2026,reportable
1,confirmatory,3,ec_class,0,2.7,1,cluster70,2,esm2-150m,aac-logistic,1,balanced_accuracy,0.193103448275862,0.089655172413793,0.103448275862069,0.066666666666667,0.142857142857143,29,29,28,28,2026,reportable
1,confirmatory,3,ec_class,0,2.7,1,cluster70,2,esm2-150m,aac-logistic,2,macro_f1,0.196491228070175,0.123809523809524,0.072681704260652,0.041666666666667,0.11355265980266,29,29,28,28,2026,reportable
1,confirmatory,3,ec_class,1,3.1,1,cluster70,2,esm2-150m,aac-logistic,0,accuracy,NA,NA,NA,NA,NA,13,13,13,13,NA,insufficient_sequences
1,confirmatory,3,ec_class,1,3.1,1,cluster70,2,esm2-150m,aac-logistic,1,balanced_accuracy,NA,NA,NA,NA,NA,13,13,13,13,NA,insufficient_sequences
1,confirmatory,3,ec_class,1,3.1,1,cluster70,2,esm2-150m,aac-logistic,2,macro_f1,NA,NA,NA,NA,NA,13,13,13,13,NA,insufficient_sequences
1,confirmatory,3,ec_class,2,1.1,1,cluster70,2,esm2-150m,aac-logistic,0,accuracy,NA,NA,NA,NA,NA,9,9,8,8,NA,insufficient_sequences
1,confirmatory,3,ec_class,2,1.1,1,cluster70,2,esm2-150m,aac-logistic,1,balanced_accuracy,NA,NA,NA,NA,NA,9,9,8,8,NA,insufficient_sequences
1,confirmatory,3,ec_class,2,1.1,1,cluster70,2,esm2-150m,aac-logistic,2,macro_f1,NA,NA,NA,NA,NA,9,9,8,8,NA,insufficient_sequences
1,confirmatory,3,ec_class,3,2.1,1,cluster70,2,esm2-150m,aac-logistic,0,accuracy,NA,NA,NA,NA,NA,8,8,8,8,NA,insufficient_sequences
1,confirmatory,3,ec_class,3,2.1,1,cluster70,2,esm2-150m,aac-logistic,1,balanced_accuracy,NA,NA,NA,NA,NA,8,8,8,8,NA,insufficient_sequences
1,confirmatory,3,ec_class,3,2.1,1,cluster70,2,esm2-150m,aac-logistic,2,macro_f1,NA,NA,NA,NA,NA,8,8,8,8,NA,insufficient_sequences
1,confirmatory,3,ec_class,4,4.1,1,cluster70,2,esm2-150m,aac-logistic,0,accuracy,NA,NA,NA,NA,NA,7,7,7,7,NA,insufficient_sequences
1,confirmatory,3,ec_class,4,4.1,1,cluster70,2,esm2-150m,aac-logistic,1,balanced_accuracy,NA,NA,NA,NA,NA,7,7,7,7,NA,insufficient_sequences
1,confirmatory,3,ec_class,4,4.1,1,cluster70,2,esm2-150m,aac-logistic,2,macro_f1,NA,NA,NA,NA,NA,7,7,7,7,NA,insufficient_sequences
1,confirmatory,3,ec_class,0,2.7,1,cluster70,3,esm2-150m,kmer3-logistic,0,accuracy,0.96551724137931,0.620689655172414,0.344827586206897,0.178571428571429,0.517241379310345,29,29,28,28,2026,reportable
1,confirmatory,3,ec_class,0,2.7,1,cluster70,3,esm2-150m,kmer3-logistic,1,balanced_accuracy,0.193103448275862,0.124137931034483,0.068965517241379,0.03448275862069,0.103448275862069,29,29,28,28,2026,reportable
1,confirmatory,3,ec_class,0,2.7,1,cluster70,3,esm2-150m,kmer3-logistic,2,macro_f1,0.196491228070175,0.153191489361702,0.043299738708473,0.020363636363636,0.075867026055705,29,29,28,28,2026,reportable
1,confirmatory,3,ec_class,1,3.1,1,cluster70,3,esm2-150m,kmer3-logistic,0,accuracy,NA,NA,NA,NA,NA,13,13,13,13,NA,insufficient_sequences
1,confirmatory,3,ec_class,1,3.1,1,cluster70,3,esm2-150m,kmer3-logistic,1,balanced_accuracy,NA,NA,NA,NA,NA,13,13,13,13,NA,insufficient_sequences
1,confirmatory,3,ec_class,1,3.1,1,cluster70,3,esm2-150m,kmer3-logistic,2,macro_f1,NA,NA,NA,NA,NA,13,13,13,13,NA,insufficient_sequences
1,confirmatory,3,ec_class,2,1.1,1,cluster70,3,esm2-150m,kmer3-logistic,0,accuracy,NA,NA,NA,NA,NA,9,9,8,8,NA,insufficient_sequences
1,confirmatory,3,ec_class,2,1.1,1,cluster70,3,esm2-150m,kmer3-logistic,1,balanced_accuracy,NA,NA,NA,NA,NA,9,9,8,8,NA,insufficient_sequences
1,confirmatory,3,ec_class,2,1.1,1,cluster70,3,esm2-150m,kmer3-logistic,2,macro_f1,NA,NA,NA,NA,NA,9,9,8,8,NA,insufficient_sequences
1,confirmatory,3,ec_class,3,2.1,1,cluster70,3,esm2-150m,kmer3-logistic,0,accuracy,NA,NA,NA,NA,NA,8,8,8,8,NA,insufficient_sequences
1,confirmatory,3,ec_class,3,2.1,1,cluster70,3,esm2-150m,kmer3-logistic,1,balanced_accuracy,NA,NA,NA,NA,NA,8,8,8,8,NA,insufficient_sequences
1,confirmatory,3,ec_class,3,2.1,1,cluster70,3,esm2-150m,kmer3-logistic,2,macro_f1,NA,NA,NA,NA,NA,8,8,8,8,NA,insufficient_sequences
1,confirmatory,3,ec_class,4,4.1,1,cluster70,3,esm2-150m,kmer3-logistic,0,accuracy,NA,NA,NA,NA,NA,7,7,7,7,NA,insufficient_sequences
1,confirmatory,3,ec_class,4,4.1,1,cluster70,3,esm2-150m,kmer3-logistic,1,balanced_accuracy,NA,NA,NA,NA,NA,7,7,7,7,NA,insufficient_sequences
1,confirmatory,3,ec_class,4,4.1,1,cluster70,3,esm2-150m,kmer3-logistic,2,macro_f1,NA,NA,NA,NA,NA,7,7,7,7,NA,insufficient_sequences
1,confirmatory,3,ec_class,0,2.7,1,cluster70,4,esm2-150m,esm2-35m,0,accuracy,0.96551724137931,0.896551724137931,0.068965517241379,-0.068965517241379,0.206896551724138,29,29,28,28,2026,reportable
1,confirmatory,3,ec_class,0,2.7,1,cluster70,4,esm2-150m,esm2-35m,1,balanced_accuracy,0.193103448275862,0.179310344827586,0.013793103448276,-0.013333333333333,0.041379310344828,29,29,28,28,2026,reportable
1,confirmatory,3,ec_class,0,2.7,1,cluster70,4,esm2-150m,esm2-35m,2,macro_f1,0.196491228070175,0.189090909090909,0.007400318979266,-0.006902298850575,0.024,29,29,28,28,2026,reportable
1,confirmatory,3,ec_class,1,3.1,1,cluster70,4,esm2-150m,esm2-35m,0,accuracy,NA,NA,NA,NA,NA,13,13,13,13,NA,insufficient_sequences
1,confirmatory,3,ec_class,1,3.1,1,cluster70,4,esm2-150m,esm2-35m,1,balanced_accuracy,NA,NA,NA,NA,NA,13,13,13,13,NA,insufficient_sequences
1,confirmatory,3,ec_class,1,3.1,1,cluster70,4,esm2-150m,esm2-35m,2,macro_f1,NA,NA,NA,NA,NA,13,13,13,13,NA,insufficient_sequences
1,confirmatory,3,ec_class,2,1.1,1,cluster70,4,esm2-150m,esm2-35m,0,accuracy,NA,NA,NA,NA,NA,9,9,8,8,NA,insufficient_sequences
1,confirmatory,3,ec_class,2,1.1,1,cluster70,4,esm2-150m,esm2-35m,1,balanced_accuracy,NA,NA,NA,NA,NA,9,9,8,8,NA,insufficient_sequences
1,confirmatory,3,ec_class,2,1.1,1,cluster70,4,esm2-150m,esm2-35m,2,macro_f1,NA,NA,NA,NA,NA,9,9,8,8,NA,insufficient_sequences
1,confirmatory,3,ec_class,3,2.1,1,cluster70,4,esm2-150m,esm2-35m,0,accuracy,NA,NA,NA,NA,NA,8,8,8,8,NA,insufficient_sequences
1,confirmatory,3,ec_class,3,2.1,1,cluster70,4,esm2-150m,esm2-35m,1,balanced_accuracy,NA,NA,NA,NA,NA,8,8,8,8,NA,insufficient_sequences
1,confirmatory,3,ec_class,3,2.1,1,cluster70,4,esm2-150m,esm2-35m,2,macro_f1,NA,NA,NA,NA,NA,8,8,8,8,NA,insufficient_sequences
1,confirmatory,3,ec_class,4,4.1,1,cluster70,4,esm2-150m,esm2-35m,0,accuracy,NA,NA,NA,NA,NA,7,7,7,7,NA,insufficient_sequences
1,confirmatory,3,ec_class,4,4.1,1,cluster70,4,esm2-150m,esm2-35m,1,balanced_accuracy,NA,NA,NA,NA,NA,7,7,7,7,NA,insufficient_sequences
1,confirmatory,3,ec_class,4,4.1,1,cluster70,4,esm2-150m,esm2-35m,2,macro_f1,NA,NA,NA,NA,NA,7,7,7,7,NA,insufficient_sequences
1,confirmatory,3,ec_class,0,2.7,2,cluster50,0,esm2-35m,aac-logistic,0,accuracy,0.96551724137931,0.344827586206897,0.620689655172414,0.428571428571429,0.793103448275862,29,29,28,28,2026,reportable
1,confirmatory,3,ec_class,0,2.7,2,cluster50,0,esm2-35m,aac-logistic,1,balanced_accuracy,0.193103448275862,0.068965517241379,0.124137931034483,0.085714285714286,0.16,29,29,28,28,2026,reportable
1,confirmatory,3,ec_class,0,2.7,2,cluster50,0,esm2-35m,aac-logistic,2,macro_f1,0.196491228070175,0.102564102564103,0.093927125506073,0.06046511627907,0.137667698658411,29,29,28,28,2026,reportable
1,confirmatory,3,ec_class,1,3.1,2,cluster50,0,esm2-35m,aac-logistic,0,accuracy,NA,NA,NA,NA,NA,13,13,10,10,NA,insufficient_sequences
1,confirmatory,3,ec_class,1,3.1,2,cluster50,0,esm2-35m,aac-logistic,1,balanced_accuracy,NA,NA,NA,NA,NA,13,13,10,10,NA,insufficient_sequences
1,confirmatory,3,ec_class,1,3.1,2,cluster50,0,esm2-35m,aac-logistic,2,macro_f1,NA,NA,NA,NA,NA,13,13,10,10,NA,insufficient_sequences
1,confirmatory,3,ec_class,2,1.1,2,cluster50,0,esm2-35m,aac-logistic,0,accuracy,NA,NA,NA,NA,NA,9,9,9,9,NA,insufficient_sequences
1,confirmatory,3,ec_class,2,1.1,2,cluster50,0,esm2-35m,aac-logistic,1,balanced_accuracy,NA,NA,NA,NA,NA,9,9,9,9,NA,insufficient_sequences
1,confirmatory,3,ec_class,2,1.1,2,cluster50,0,esm2-35m,aac-logistic,2,macro_f1,NA,NA,NA,NA,NA,9,9,9,9,NA,insufficient_sequences
1,confirmatory,3,ec_class,3,2.1,2,cluster50,0,esm2-35m,aac-logistic,0,accuracy,NA,NA,NA,NA,NA,8,8,7,7,NA,insufficient_sequences
1,confirmatory,3,ec_class,3,2.1,2,cluster50,0,esm2-35m,aac-logistic,1,balanced_accuracy,NA,NA,NA,NA,NA,8,8,7,7,NA,insufficient_sequences
1,confirmatory,3,ec_class,3,2.1,2,cluster50,0,esm2-35m,aac-logistic,2,macro_f1,NA,NA,NA,NA,NA,8,8,7,7,NA,insufficient_sequences
1,confirmatory,3,ec_class,4,4.1,2,cluster50,0,esm2-35m,aac-logistic,0,accuracy,NA,NA,NA,NA,NA,7,7,5,5,NA,insufficient_sequences
1,confirmatory,3,ec_class,4,4.1,2,cluster50,0,esm2-35m,aac-logistic,1,balanced_accuracy,NA,NA,NA,NA,NA,7,7,5,5,NA,insufficient_sequences
1,confirmatory,3,ec_class,4,4.1,2,cluster50,0,esm2-35m,aac-logistic,2,macro_f1,NA,NA,NA,NA,NA,7,7,5,5,NA,insufficient_sequences
1,confirmatory,3,ec_class,0,2.7,2,cluster50,1,esm2-35m,kmer3-logistic,0,accuracy,0.96551724137931,0.689655172413793,0.275862068965517,0.071428571428571,0.466666666666667,29,29,28,28,2026,reportable
1,confirmatory,3,ec_class,0,2.7,2,cluster50,1,esm2-35m,kmer3-logistic,1,balanced_accuracy,0.193103448275862,0.137931034482759,0.055172413793103,0.014285714285714,0.096774193548387,29,29,28,28,2026,reportable
1,confirmatory,3,ec_class,0,2.7,2,cluster50,1,esm2-35m,kmer3-logistic,2,macro_f1,0.196491228070175,0.163265306122449,0.033225921947726,0.007684391080617,0.063276836158192,29,29,28,28,2026,reportable
1,confirmatory,3,ec_class,1,3.1,2,cluster50,1,esm2-35m,kmer3-logistic,0,accuracy,NA,NA,NA,NA,NA,13,13,10,10,NA,insufficient_sequences
1,confirmatory,3,ec_class,1,3.1,2,cluster50,1,esm2-35m,kmer3-logistic,1,balanced_accuracy,NA,NA,NA,NA,NA,13,13,10,10,NA,insufficient_sequences
1,confirmatory,3,ec_class,1,3.1,2,cluster50,1,esm2-35m,kmer3-logistic,2,macro_f1,NA,NA,NA,NA,NA,13,13,10,10,NA,insufficient_sequences
1,confirmatory,3,ec_class,2,1.1,2,cluster50,1,esm2-35m,kmer3-logistic,0,accuracy,NA,NA,NA,NA,NA,9,9,9,9,NA,insufficient_sequences
1,confirmatory,3,ec_class,2,1.1,2,cluster50,1,esm2-35m,kmer3-logistic,1,balanced_accuracy,NA,NA,NA,NA,NA,9,9,9,9,NA,insufficient_sequences
1,confirmatory,3,ec_class,2,1.1,2,cluster50,1,esm2-35m,kmer3-logistic,2,macro_f1,NA,NA,NA,NA,NA,9,9,9,9,NA,insufficient_sequences
1,confirmatory,3,ec_class,3,2.1,2,cluster50,1,esm2-35m,kmer3-logistic,0,accuracy,NA,NA,NA,NA,NA,8,8,7,7,NA,insufficient_sequences
1,confirmatory,3,ec_class,3,2.1,2,cluster50,1,esm2-35m,kmer3-logistic,1,balanced_accuracy,NA,NA,NA,NA,NA,8,8,7,7,NA,insufficient_sequences
1,confirmatory,3,ec_class,3,2.1,2,cluster50,1,esm2-35m,kmer3-logistic,2,macro_f1,NA,NA,NA,NA,NA,8,8,7,7,NA,insufficient_sequences
1,confirmatory,3,ec_class,4,4.1,2,cluster50,1,esm2-35m,kmer3-logistic,0,accuracy,NA,NA,NA,NA,NA,7,7,5,5,NA,insufficient_sequences
1,confirmatory,3,ec_class,4,4.1,2,cluster50,1,esm2-35m,kmer3-logistic,1,balanced_accuracy,NA,NA,NA,NA,NA,7,7,5,5,NA,insufficient_sequences
1,confirmatory,3,ec_class,4,4.1,2,cluster50,1,esm2-35m,kmer3-logistic,2,macro_f1,NA,NA,NA,NA,NA,7,7,5,5,NA,insufficient_sequences
1,confirmatory,3,ec_class,0,2.7,2,cluster50,2,esm2-150m,aac-logistic,0,accuracy,0.931034482758621,0.344827586206897,0.586206896551724,0.392857142857143,0.758620689655172,29,29,28,28,2026,reportable
1,confirmatory,3,ec_class,0,2.7,2,cluster50,2,esm2-150m,aac-logistic,1,balanced_accuracy,0.186206896551724,0.068965517241379,0.117241379310345,0.078571428571429,0.153333333333333,29,29,28,28,2026,reportable
1,confirmatory,3,ec_class,0,2.7,2,cluster50,2,esm2-150m,aac-logistic,2,macro_f1,0.192857142857143,0.102564102564103,0.09029304029304,0.056464816629911,0.134033613445378,29,29,28,28,2026,reportable
1,confirmatory,3,ec_class,1,3.1,2,cluster50,2,esm2-150m,aac-logistic,0,accuracy,NA,NA,NA,NA,NA,13,13,10,10,NA,insufficient_sequences
1,confirmatory,3,ec_class,1,3.1,2,cluster50,2,esm2-150m,aac-logistic,1,balanced_accuracy,NA,NA,NA,NA,NA,13,13,10,10,NA,insufficient_sequences
1,confirmatory,3,ec_class,1,3.1,2,cluster50,2,esm2-150m,aac-logistic,2,macro_f1,NA,NA,NA,NA,NA,13,13,10,10,NA,insufficient_sequences
1,confirmatory,3,ec_class,2,1.1,2,cluster50,2,esm2-150m,aac-logistic,0,accuracy,NA,NA,NA,NA,NA,9,9,9,9,NA,insufficient_sequences
1,confirmatory,3,ec_class,2,1.1,2,cluster50,2,esm2-150m,aac-logistic,1,balanced_accuracy,NA,NA,NA,NA,NA,9,9,9,9,NA,insufficient_sequences
1,confirmatory,3,ec_class,2,1.1,2,cluster50,2,esm2-150m,aac-logistic,2,macro_f1,NA,NA,NA,NA,NA,9,9,9,9,NA,insufficient_sequences
1,confirmatory,3,ec_class,3,2.1,2,cluster50,2,esm2-150m,aac-logistic,0,accuracy,NA,NA,NA,NA,NA,8,8,7,7,NA,insufficient_sequences
1,confirmatory,3,ec_class,3,2.1,2,cluster50,2,esm2-150m,aac-logistic,1,balanced_accuracy,NA,NA,NA,NA,NA,8,8,7,7,NA,insufficient_sequences
1,confirmatory,3,ec_class,3,2.1,2,cluster50,2,esm2-150m,aac-logistic,2,macro_f1,NA,NA,NA,NA,NA,8,8,7,7,NA,insufficient_sequences
1,confirmatory,3,ec_class,4,4.1,2,cluster50,2,esm2-150m,aac-logistic,0,accuracy,NA,NA,NA,NA,NA,7,7,5,5,NA,insufficient_sequences
1,confirmatory,3,ec_class,4,4.1,2,cluster50,2,esm2-150m,aac-logistic,1,balanced_accuracy,NA,NA,NA,NA,NA,7,7,5,5,NA,insufficient_sequences
1,confirmatory,3,ec_class,4,4.1,2,cluster50,2,esm2-150m,aac-logistic,2,macro_f1,NA,NA,NA,NA,NA,7,7,5,5,NA,insufficient_sequences
1,confirmatory,3,ec_class,0,2.7,2,cluster50,3,esm2-150m,kmer3-logistic,0,accuracy,0.931034482758621,0.689655172413793,0.241379310344828,0,0.464285714285714,29,29,28,28,2026,reportable
1,confirmatory,3,ec_class,0,2.7,2,cluster50,3,esm2-150m,kmer3-logistic,1,balanced_accuracy,0.186206896551724,0.137931034482759,0.048275862068966,0.006896551724138,0.090322580645161,29,29,28,28,2026,reportable
1,confirmatory,3,ec_class,0,2.7,2,cluster50,3,esm2-150m,kmer3-logistic,2,macro_f1,0.192857142857143,0.163265306122449,0.029591836734694,0.004052431321299,0.060869565217391,29,29,28,28,2026,reportable
1,confirmatory,3,ec_class,1,3.1,2,cluster50,3,esm2-150m,kmer3-logistic,0,accuracy,NA,NA,NA,NA,NA,13,13,10,10,NA,insufficient_sequences
1,confirmatory,3,ec_class,1,3.1,2,cluster50,3,esm2-150m,kmer3-logistic,1,balanced_accuracy,NA,NA,NA,NA,NA,13,13,10,10,NA,insufficient_sequences
1,confirmatory,3,ec_class,1,3.1,2,cluster50,3,esm2-150m,kmer3-logistic,2,macro_f1,NA,NA,NA,NA,NA,13,13,10,10,NA,insufficient_sequences
1,confirmatory,3,ec_class,2,1.1,2,cluster50,3,esm2-150m,kmer3-logistic,0,accuracy,NA,NA,NA,NA,NA,9,9,9,9,NA,insufficient_sequences
1,confirmatory,3,ec_class,2,1.1,2,cluster50,3,esm2-150m,kmer3-logistic,1,balanced_accuracy,NA,NA,NA,NA,NA,9,9,9,9,NA,insufficient_sequences
1,confirmatory,3,ec_class,2,1.1,2,cluster50,3,esm2-150m,kmer3-logistic,2,macro_f1,NA,NA,NA,NA,NA,9,9,9,9,NA,insufficient_sequences
1,confirmatory,3,ec_class,3,2.1,2,cluster50,3,esm2-150m,kmer3-logistic,0,accuracy,NA,NA,NA,NA,NA,8,8,7,7,NA,insufficient_sequences
1,confirmatory,3,ec_class,3,2.1,2,cluster50,3,esm2-150m,kmer3-logistic,1,balanced_accuracy,NA,NA,NA,NA,NA,8,8,7,7,NA,insufficient_sequences
1,confirmatory,3,ec_class,3,2.1,2,cluster50,3,esm2-150m,kmer3-logistic,2,macro_f1,NA,NA,NA,NA,NA,8,8,7,7,NA,insufficient_sequences
1,confirmatory,3,ec_class,4,4.1,2,cluster50,3,esm2-150m,kmer3-logistic,0,accuracy,NA,NA,NA,NA,NA,7,7,5,5,NA,insufficient_sequences
1,confirmatory,3,ec_class,4,4.1,2,cluster50,3,esm2-150m,kmer3-logistic,1,balanced_accuracy,NA,NA,NA,NA,NA,7,7,5,5,NA,insufficient_sequences
1,confirmatory,3,ec_class,4,4.1,2,cluster50,3,esm2-150m,kmer3-logistic,2,macro_f1,NA,NA,NA,NA,NA,7,7,5,5,NA,insufficient_sequences
1,confirmatory,3,ec_class,0,2.7,2,cluster50,4,esm2-150m,esm2-35m,0,accuracy,0.931034482758621,0.96551724137931,-0.03448275862069,-0.107142857142857,0,29,29,28,28,2026,reportable
1,confirmatory,3,ec_class,0,2.7,2,cluster50,4,esm2-150m,esm2-35m,1,balanced_accuracy,0.186206896551724,0.193103448275862,-0.006896551724138,-0.021428571428571,0,29,29,28,28,2026,reportable
1,confirmatory,3,ec_class,0,2.7,2,cluster50,4,esm2-150m,esm2-35m,2,macro_f1,0.192857142857143,0.196491228070175,-0.003634085213033,-0.012200435729847,0,29,29,28,28,2026,reportable
1,confirmatory,3,ec_class,1,3.1,2,cluster50,4,esm2-150m,esm2-35m,0,accuracy,NA,NA,NA,NA,NA,13,13,10,10,NA,insufficient_sequences
1,confirmatory,3,ec_class,1,3.1,2,cluster50,4,esm2-150m,esm2-35m,1,balanced_accuracy,NA,NA,NA,NA,NA,13,13,10,10,NA,insufficient_sequences
1,confirmatory,3,ec_class,1,3.1,2,cluster50,4,esm2-150m,esm2-35m,2,macro_f1,NA,NA,NA,NA,NA,13,13,10,10,NA,insufficient_sequences
1,confirmatory,3,ec_class,2,1.1,2,cluster50,4,esm2-150m,esm2-35m,0,accuracy,NA,NA,NA,NA,NA,9,9,9,9,NA,insufficient_sequences
1,confirmatory,3,ec_class,2,1.1,2,cluster50,4,esm2-150m,esm2-35m,1,balanced_accuracy,NA,NA,NA,NA,NA,9,9,9,9,NA,insufficient_sequences
1,confirmatory,3,ec_class,2,1.1,2,cluster50,4,esm2-150m,esm2-35m,2,macro_f1,NA,NA,NA,NA,NA,9,9,9,9,NA,insufficient_sequences
1,confirmatory,3,ec_class,3,2.1,2,cluster50,4,esm2-150m,esm2-35m,0,accuracy,NA,NA,NA,NA,NA,8,8,7,7,NA,insufficient_sequences
1,confirmatory,3,ec_class,3,2.1,2,cluster50,4,esm2-150m,esm2-35m,1,balanced_accuracy,NA,NA,NA,NA,NA,8,8,7,7,NA,insufficient_sequences
1,confirmatory,3,ec_class,3,2.1,2,cluster50,4,esm2-150m,esm2-35m,2,macro_f1,NA,NA,NA,NA,NA,8,8,7,7,NA,insufficient_sequences
1,confirmatory,3,ec_class,4,4.1,2,cluster50,4,esm2-150m,esm2-35m,0,accuracy,NA,NA,NA,NA,NA,7,7,5,5,NA,insufficient_sequences
1,confirmatory,3,ec_class,4,4.1,2,cluster50,4,esm2-150m,esm2-35m,1,balanced_accuracy,NA,NA,NA,NA,NA,7,7,5,5,NA,insufficient_sequences
1,confirmatory,3,ec_class,4,4.1,2,cluster50,4,esm2-150m,esm2-35m,2,macro_f1,NA,NA,NA,NA,NA,7,7,5,5,NA,insufficient_sequences
1,confirmatory,3,ec_class,0,2.7,3,cluster30,0,esm2-35m,aac-logistic,0,accuracy,0.862068965517241,0.482758620689655,0.379310344827586,0.111111111111111,0.617723123732251,29,29,26,26,2026,reportable
1,confirmatory,3,ec_class,0,2.7,3,cluster30,0,esm2-35m,aac-logistic,1,balanced_accuracy,0.172413793103448,0.096551724137931,0.075862068965517,0.022222222222222,0.121428571428571,29,29,26,26,2026,reportable
1,confirmatory,3,ec_class,0,2.7,3,cluster30,0,esm2-35m,aac-logistic,2,macro_f1,0.185185185185185,0.130232558139535,0.05495262704565,0.017185185185185,0.09748854728698,29,29,26,26,2026,reportable
1,confirmatory,3,ec_class,1,3.1,3,cluster30,0,esm2-35m,aac-logistic,0,accuracy,NA,NA,NA,NA,NA,13,13,12,12,NA,insufficient_sequences
1,confirmatory,3,ec_class,1,3.1,3,cluster30,0,esm2-35m,aac-logistic,1,balanced_accuracy,NA,NA,NA,NA,NA,13,13,12,12,NA,insufficient_sequences
1,confirmatory,3,ec_class,1,3.1,3,cluster30,0,esm2-35m,aac-logistic,2,macro_f1,NA,NA,NA,NA,NA,13,13,12,12,NA,insufficient_sequences
1,confirmatory,3,ec_class,2,1.1,3,cluster30,0,esm2-35m,aac-logistic,0,accuracy,NA,NA,NA,NA,NA,9,9,9,9,NA,insufficient_sequences
1,confirmatory,3,ec_class,2,1.1,3,cluster30,0,esm2-35m,aac-logistic,1,balanced_accuracy,NA,NA,NA,NA,NA,9,9,9,9,NA,insufficient_sequences
1,confirmatory,3,ec_class,2,1.1,3,cluster30,0,esm2-35m,aac-logistic,2,macro_f1,NA,NA,NA,NA,NA,9,9,9,9,NA,insufficient_sequences
1,confirmatory,3,ec_class,3,2.1,3,cluster30,0,esm2-35m,aac-logistic,0,accuracy,NA,NA,NA,NA,NA,8,8,8,8,NA,insufficient_sequences
1,confirmatory,3,ec_class,3,2.1,3,cluster30,0,esm2-35m,aac-logistic,1,balanced_accuracy,NA,NA,NA,NA,NA,8,8,8,8,NA,insufficient_sequences
1,confirmatory,3,ec_class,3,2.1,3,cluster30,0,esm2-35m,aac-logistic,2,macro_f1,NA,NA,NA,NA,NA,8,8,8,8,NA,insufficient_sequences
1,confirmatory,3,ec_class,4,4.1,3,cluster30,0,esm2-35m,aac-logistic,0,accuracy,NA,NA,NA,NA,NA,7,7,5,5,NA,insufficient_sequences
1,confirmatory,3,ec_class,4,4.1,3,cluster30,0,esm2-35m,aac-logistic,1,balanced_accuracy,NA,NA,NA,NA,NA,7,7,5,5,NA,insufficient_sequences
1,confirmatory,3,ec_class,4,4.1,3,cluster30,0,esm2-35m,aac-logistic,2,macro_f1,NA,NA,NA,NA,NA,7,7,5,5,NA,insufficient_sequences
1,confirmatory,3,ec_class,0,2.7,3,cluster30,1,esm2-35m,kmer3-logistic,0,accuracy,0.862068965517241,0.758620689655172,0.103448275862069,-0.103448275862069,0.32284946236559,29,29,26,26,2026,reportable
1,confirmatory,3,ec_class,0,2.7,3,cluster30,1,esm2-35m,kmer3-logistic,1,balanced_accuracy,0.172413793103448,0.151724137931034,0.020689655172414,-0.021428571428571,0.064285714285714,29,29,26,26,2026,reportable
1,confirmatory,3,ec_class,0,2.7,3,cluster30,1,esm2-35m,kmer3-logistic,2,macro_f1,0.185185185185185,0.172549019607843,0.012636165577342,-0.013236326658323,0.04133770321688,29,29,26,26,2026,reportable
1,confirmatory,3,ec_class,1,3.1,3,cluster30,1,esm2-35m,kmer3-logistic,0,accuracy,NA,NA,NA,NA,NA,13,13,12,12,NA,insufficient_sequences
1,confirmatory,3,ec_class,1,3.1,3,cluster30,1,esm2-35m,kmer3-logistic,1,balanced_accuracy,NA,NA,NA,NA,NA,13,13,12,12,NA,insufficient_sequences
1,confirmatory,3,ec_class,1,3.1,3,cluster30,1,esm2-35m,kmer3-logistic,2,macro_f1,NA,NA,NA,NA,NA,13,13,12,12,NA,insufficient_sequences
1,confirmatory,3,ec_class,2,1.1,3,cluster30,1,esm2-35m,kmer3-logistic,0,accuracy,NA,NA,NA,NA,NA,9,9,9,9,NA,insufficient_sequences
1,confirmatory,3,ec_class,2,1.1,3,cluster30,1,esm2-35m,kmer3-logistic,1,balanced_accuracy,NA,NA,NA,NA,NA,9,9,9,9,NA,insufficient_sequences
1,confirmatory,3,ec_class,2,1.1,3,cluster30,1,esm2-35m,kmer3-logistic,2,macro_f1,NA,NA,NA,NA,NA,9,9,9,9,NA,insufficient_sequences
1,confirmatory,3,ec_class,3,2.1,3,cluster30,1,esm2-35m,kmer3-logistic,0,accuracy,NA,NA,NA,NA,NA,8,8,8,8,NA,insufficient_sequences
1,confirmatory,3,ec_class,3,2.1,3,cluster30,1,esm2-35m,kmer3-logistic,1,balanced_accuracy,NA,NA,NA,NA,NA,8,8,8,8,NA,insufficient_sequences
1,confirmatory,3,ec_class,3,2.1,3,cluster30,1,esm2-35m,kmer3-logistic,2,macro_f1,NA,NA,NA,NA,NA,8,8,8,8,NA,insufficient_sequences
1,confirmatory,3,ec_class,4,4.1,3,cluster30,1,esm2-35m,kmer3-logistic,0,accuracy,NA,NA,NA,NA,NA,7,7,5,5,NA,insufficient_sequences
1,confirmatory,3,ec_class,4,4.1,3,cluster30,1,esm2-35m,kmer3-logistic,1,balanced_accuracy,NA,NA,NA,NA,NA,7,7,5,5,NA,insufficient_sequences
1,confirmatory,3,ec_class,4,4.1,3,cluster30,1,esm2-35m,kmer3-logistic,2,macro_f1,NA,NA,NA,NA,NA,7,7,5,5,NA,insufficient_sequences
1,confirmatory,3,ec_class,0,2.7,3,cluster30,2,esm2-150m,aac-logistic,0,accuracy,0.896551724137931,0.482758620689655,0.413793103448276,0.222222222222222,0.612903225806452,29,29,26,26,2026,reportable
1,confirmatory,3,ec_class,0,2.7,3,cluster30,2,esm2-150m,aac-logistic,1,balanced_accuracy,0.179310344827586,0.096551724137931,0.082758620689655,0.044444444444444,0.122231182795699,29,29,26,26,2026,reportable
1,confirmatory,3,ec_class,0,2.7,3,cluster30,2,esm2-150m,aac-logistic,2,macro_f1,0.189090909090909,0.130232558139535,0.058858350951374,0.028235294117647,0.098710239627873,29,29,26,26,2026,reportable
1,confirmatory,3,ec_class,1,3.1,3,cluster30,2,esm2-150m,aac-logistic,0,accuracy,NA,NA,NA,NA,NA,13,13,12,12,NA,insufficient_sequences
1,confirmatory,3,ec_class,1,3.1,3,cluster30,2,esm2-150m,aac-logistic,1,balanced_accuracy,NA,NA,NA,NA,NA,13,13,12,12,NA,insufficient_sequences
1,confirmatory,3,ec_class,1,3.1,3,cluster30,2,esm2-150m,aac-logistic,2,macro_f1,NA,NA,NA,NA,NA,13,13,12,12,NA,insufficient_sequences
1,confirmatory,3,ec_class,2,1.1,3,cluster30,2,esm2-150m,aac-logistic,0,accuracy,NA,NA,NA,NA,NA,9,9,9,9,NA,insufficient_sequences
1,confirmatory,3,ec_class,2,1.1,3,cluster30,2,esm2-150m,aac-logistic,1,balanced_accuracy,NA,NA,NA,NA,NA,9,9,9,9,NA,insufficient_sequences
1,confirmatory,3,ec_class,2,1.1,3,cluster30,2,esm2-150m,aac-logistic,2,macro_f1,NA,NA,NA,NA,NA,9,9,9,9,NA,insufficient_sequences
1,confirmatory,3,ec_class,3,2.1,3,cluster30,2,esm2-150m,aac-logistic,0,accuracy,NA,NA,NA,NA,NA,8,8,8,8,NA,insufficient_sequences
1,confirmatory,3,ec_class,3,2.1,3,cluster30,2,esm2-150m,aac-logistic,1,balanced_accuracy,NA,NA,NA,NA,NA,8,8,8,8,NA,insufficient_sequences
1,confirmatory,3,ec_class,3,2.1,3,cluster30,2,esm2-150m,aac-logistic,2,macro_f1,NA,NA,NA,NA,NA,8,8,8,8,NA,insufficient_sequences
1,confirmatory,3,ec_class,4,4.1,3,cluster30,2,esm2-150m,aac-logistic,0,accuracy,NA,NA,NA,NA,NA,7,7,5,5,NA,insufficient_sequences
1,confirmatory,3,ec_class,4,4.1,3,cluster30,2,esm2-150m,aac-logistic,1,balanced_accuracy,NA,NA,NA,NA,NA,7,7,5,5,NA,insufficient_sequences
1,confirmatory,3,ec_class,4,4.1,3,cluster30,2,esm2-150m,aac-logistic,2,macro_f1,NA,NA,NA,NA,NA,7,7,5,5,NA,insufficient_sequences
1,confirmatory,3,ec_class,0,2.7,3,cluster30,3,esm2-150m,kmer3-logistic,0,accuracy,0.896551724137931,0.758620689655172,0.137931034482759,-0.071428571428571,0.357142857142857,29,29,26,26,2026,reportable
1,confirmatory,3,ec_class,0,2.7,3,cluster30,3,esm2-150m,kmer3-logistic,1,balanced_accuracy,0.179310344827586,0.151724137931034,0.027586206896552,-0.013793103448276,0.066666666666667,29,29,26,26,2026,reportable
1,confirmatory,3,ec_class,0,2.7,3,cluster30,3,esm2-150m,kmer3-logistic,2,macro_f1,0.189090909090909,0.172549019607843,0.016541889483066,-0.008287088420274,0.045255665902725,29,29,26,26,2026,reportable
1,confirmatory,3,ec_class,1,3.1,3,cluster30,3,esm2-150m,kmer3-logistic,0,accuracy,NA,NA,NA,NA,NA,13,13,12,12,NA,insufficient_sequences
1,confirmatory,3,ec_class,1,3.1,3,cluster30,3,esm2-150m,kmer3-logistic,1,balanced_accuracy,NA,NA,NA,NA,NA,13,13,12,12,NA,insufficient_sequences
1,confirmatory,3,ec_class,1,3.1,3,cluster30,3,esm2-150m,kmer3-logistic,2,macro_f1,NA,NA,NA,NA,NA,13,13,12,12,NA,insufficient_sequences
1,confirmatory,3,ec_class,2,1.1,3,cluster30,3,esm2-150m,kmer3-logistic,0,accuracy,NA,NA,NA,NA,NA,9,9,9,9,NA,insufficient_sequences
1,confirmatory,3,ec_class,2,1.1,3,cluster30,3,esm2-150m,kmer3-logistic,1,balanced_accuracy,NA,NA,NA,NA,NA,9,9,9,9,NA,insufficient_sequences
1,confirmatory,3,ec_class,2,1.1,3,cluster30,3,esm2-150m,kmer3-logistic,2,macro_f1,NA,NA,NA,NA,NA,9,9,9,9,NA,insufficient_sequences
1,confirmatory,3,ec_class,3,2.1,3,cluster30,3,esm2-150m,kmer3-logistic,0,accuracy,NA,NA,NA,NA,NA,8,8,8,8,NA,insufficient_sequences
1,confirmatory,3,ec_class,3,2.1,3,cluster30,3,esm2-150m,kmer3-logistic,1,balanced_accuracy,NA,NA,NA,NA,NA,8,8,8,8,NA,insufficient_sequences
1,confirmatory,3,ec_class,3,2.1,3,cluster30,3,esm2-150m,kmer3-logistic,2,macro_f1,NA,NA,NA,NA,NA,8,8,8,8,NA,insufficient_sequences
1,confirmatory,3,ec_class,4,4.1,3,cluster30,3,esm2-150m,kmer3-logistic,0,accuracy,NA,NA,NA,NA,NA,7,7,5,5,NA,insufficient_sequences
1,confirmatory,3,ec_class,4,4.1,3,cluster30,3,esm2-150m,kmer3-logistic,1,balanced_accuracy,NA,NA,NA,NA,NA,7,7,5,5,NA,insufficient_sequences
1,confirmatory,3,ec_class,4,4.1,3,cluster30,3,esm2-150m,kmer3-logistic,2,macro_f1,NA,NA,NA,NA,NA,7,7,5,5,NA,insufficient_sequences
1,confirmatory,3,ec_class,0,2.7,3,cluster30,4,esm2-150m,esm2-35m,0,accuracy,0.896551724137931,0.862068965517241,0.03448275862069,-0.076923076923077,0.161290322580645,29,29,26,26,2026,reportable
1,confirmatory,3,ec_class,0,2.7,3,cluster30,4,esm2-150m,esm2-35m,1,balanced_accuracy,0.179310344827586,0.172413793103448,0.006896551724138,-0.014285714285714,0.02962962962963,29,29,26,26,2026,reportable
1,confirmatory,3,ec_class,0,2.7,3,cluster30,4,esm2-150m,esm2-35m,2,macro_f1,0.189090909090909,0.185185185185185,0.003905723905724,-0.008547008547009,0.017868818064236,29,29,26,26,2026,reportable
1,confirmatory,3,ec_class,1,3.1,3,cluster30,4,esm2-150m,esm2-35m,0,accuracy,NA,NA,NA,NA,NA,13,13,12,12,NA,insufficient_sequences
1,confirmatory,3,ec_class,1,3.1,3,cluster30,4,esm2-150m,esm2-35m,1,balanced_accuracy,NA,NA,NA,NA,NA,13,13,12,12,NA,insufficient_sequences
1,confirmatory,3,ec_class,1,3.1,3,cluster30,4,esm2-150m,esm2-35m,2,macro_f1,NA,NA,NA,NA,NA,13,13,12,12,NA,insufficient_sequences
1,confirmatory,3,ec_class,2,1.1,3,cluster30,4,esm2-150m,esm2-35m,0,accuracy,NA,NA,NA,NA,NA,9,9,9,9,NA,insufficient_sequences
1,confirmatory,3,ec_class,2,1.1,3,cluster30,4,esm2-150m,esm2-35m,1,balanced_accuracy,NA,NA,NA,NA,NA,9,9,9,9,NA,insufficient_sequences
1,confirmatory,3,ec_class,2,1.1,3,cluster30,4,esm2-150m,esm2-35m,2,macro_f1,NA,NA,NA,NA,NA,9,9,9,9,NA,insufficient_sequences
1,confirmatory,3,ec_class,3,2.1,3,cluster30,4,esm2-150m,esm2-35m,0,accuracy,NA,NA,NA,NA,NA,8,8,8,8,NA,insufficient_sequences
1,confirmatory,3,ec_class,3,2.1,3,cluster30,4,esm2-150m,esm2-35m,1,balanced_accuracy,NA,NA,NA,NA,NA,8,8,8,8,NA,insufficient_sequences
1,confirmatory,3,ec_class,3,2.1,3,cluster30,4,esm2-150m,esm2-35m,2,macro_f1,NA,NA,NA,NA,NA,8,8,8,8,NA,insufficient_sequences
1,confirmatory,3,ec_class,4,4.1,3,cluster30,4,esm2-150m,esm2-35m,0,accuracy,NA,NA,NA,NA,NA,7,7,5,5,NA,insufficient_sequences
1,confirmatory,3,ec_class,4,4.1,3,cluster30,4,esm2-150m,esm2-35m,1,balanced_accuracy,NA,NA,NA,NA,NA,7,7,5,5,NA,insufficient_sequences
1,confirmatory,3,ec_class,4,4.1,3,cluster30,4,esm2-150m,esm2-35m,2,macro_f1,NA,NA,NA,NA,NA,7,7,5,5,NA,insufficient_sequences
1,confirmatory,4,component_size,0,component_singleton,0,random,0,esm2-35m,aac-logistic,0,accuracy,0.796610169491525,0.322033898305085,0.474576271186441,0.322033898305085,0.627118644067797,59,59,59,59,2026,reportable
1,confirmatory,4,component_size,0,component_singleton,0,random,0,esm2-35m,aac-logistic,1,balanced_accuracy,0.767666666666667,0.296333333333333,0.471333333333333,0.284471626652333,0.646329004329004,59,59,59,59,2026,reportable
1,confirmatory,4,component_size,0,component_singleton,0,random,0,esm2-35m,aac-logistic,2,macro_f1,0.775387847446671,0.266687552213868,0.508700295232803,0.354383838512709,0.658956622307032,59,59,59,59,2026,reportable
1,confirmatory,4,component_size,1,component_02_04,0,random,0,esm2-35m,aac-logistic,0,accuracy,NA,NA,NA,NA,NA,7,7,6,6,NA,insufficient_sequences
1,confirmatory,4,component_size,1,component_02_04,0,random,0,esm2-35m,aac-logistic,1,balanced_accuracy,NA,NA,NA,NA,NA,7,7,6,6,NA,insufficient_sequences
1,confirmatory,4,component_size,1,component_02_04,0,random,0,esm2-35m,aac-logistic,2,macro_f1,NA,NA,NA,NA,NA,7,7,6,6,NA,insufficient_sequences
1,confirmatory,4,component_size,2,component_05_09,0,random,0,esm2-35m,aac-logistic,0,accuracy,NA,NA,NA,NA,NA,<5,NA,<3,NA,NA,privacy_suppressed
1,confirmatory,4,component_size,2,component_05_09,0,random,0,esm2-35m,aac-logistic,1,balanced_accuracy,NA,NA,NA,NA,NA,<5,NA,<3,NA,NA,privacy_suppressed
1,confirmatory,4,component_size,2,component_05_09,0,random,0,esm2-35m,aac-logistic,2,macro_f1,NA,NA,NA,NA,NA,<5,NA,<3,NA,NA,privacy_suppressed
1,confirmatory,4,component_size,3,component_10_19,0,random,0,esm2-35m,aac-logistic,0,accuracy,NA,NA,NA,NA,NA,<5,NA,<3,NA,NA,privacy_suppressed
1,confirmatory,4,component_size,3,component_10_19,0,random,0,esm2-35m,aac-logistic,1,balanced_accuracy,NA,NA,NA,NA,NA,<5,NA,<3,NA,NA,privacy_suppressed
1,confirmatory,4,component_size,3,component_10_19,0,random,0,esm2-35m,aac-logistic,2,macro_f1,NA,NA,NA,NA,NA,<5,NA,<3,NA,NA,privacy_suppressed
1,confirmatory,4,component_size,4,component_20_plus,0,random,0,esm2-35m,aac-logistic,0,accuracy,NA,NA,NA,NA,NA,<5,NA,<3,NA,NA,privacy_suppressed
1,confirmatory,4,component_size,4,component_20_plus,0,random,0,esm2-35m,aac-logistic,1,balanced_accuracy,NA,NA,NA,NA,NA,<5,NA,<3,NA,NA,privacy_suppressed
1,confirmatory,4,component_size,4,component_20_plus,0,random,0,esm2-35m,aac-logistic,2,macro_f1,NA,NA,NA,NA,NA,<5,NA,<3,NA,NA,privacy_suppressed
1,confirmatory,4,component_size,0,component_singleton,0,random,1,esm2-35m,kmer3-logistic,0,accuracy,0.796610169491525,0.474576271186441,0.322033898305085,0.169491525423729,0.457627118644068,59,59,59,59,2026,reportable
1,confirmatory,4,component_size,0,component_singleton,0,random,1,esm2-35m,kmer3-logistic,1,balanced_accuracy,0.767666666666667,0.411,0.356666666666667,0.197121693121693,0.511032323232323,59,59,59,59,2026,reportable
1,confirmatory,4,component_size,0,component_singleton,0,random,1,esm2-35m,kmer3-logistic,2,macro_f1,0.775387847446671,0.363619472315124,0.411768375131547,0.254959469629546,0.562610246866658,59,59,59,59,2026,reportable
1,confirmatory,4,component_size,1,component_02_04,0,random,1,esm2-35m,kmer3-logistic,0,accuracy,NA,NA,NA,NA,NA,7,7,6,6,NA,insufficient_sequences
1,confirmatory,4,component_size,1,component_02_04,0,random,1,esm2-35m,kmer3-logistic,1,balanced_accuracy,NA,NA,NA,NA,NA,7,7,6,6,NA,insufficient_sequences
1,confirmatory,4,component_size,1,component_02_04,0,random,1,esm2-35m,kmer3-logistic,2,macro_f1,NA,NA,NA,NA,NA,7,7,6,6,NA,insufficient_sequences
1,confirmatory,4,component_size,2,component_05_09,0,random,1,esm2-35m,kmer3-logistic,0,accuracy,NA,NA,NA,NA,NA,<5,NA,<3,NA,NA,privacy_suppressed
1,confirmatory,4,component_size,2,component_05_09,0,random,1,esm2-35m,kmer3-logistic,1,balanced_accuracy,NA,NA,NA,NA,NA,<5,NA,<3,NA,NA,privacy_suppressed
1,confirmatory,4,component_size,2,component_05_09,0,random,1,esm2-35m,kmer3-logistic,2,macro_f1,NA,NA,NA,NA,NA,<5,NA,<3,NA,NA,privacy_suppressed
1,confirmatory,4,component_size,3,component_10_19,0,random,1,esm2-35m,kmer3-logistic,0,accuracy,NA,NA,NA,NA,NA,<5,NA,<3,NA,NA,privacy_suppressed
1,confirmatory,4,component_size,3,component_10_19,0,random,1,esm2-35m,kmer3-logistic,1,balanced_accuracy,NA,NA,NA,NA,NA,<5,NA,<3,NA,NA,privacy_suppressed
1,confirmatory,4,component_size,3,component_10_19,0,random,1,esm2-35m,kmer3-logistic,2,macro_f1,NA,NA,NA,NA,NA,<5,NA,<3,NA,NA,privacy_suppressed
1,confirmatory,4,component_size,4,component_20_plus,0,random,1,esm2-35m,kmer3-logistic,0,accuracy,NA,NA,NA,NA,NA,<5,NA,<3,NA,NA,privacy_suppressed
1,confirmatory,4,component_size,4,component_20_plus,0,random,1,esm2-35m,kmer3-logistic,1,balanced_accuracy,NA,NA,NA,NA,NA,<5,NA,<3,NA,NA,privacy_suppressed
1,confirmatory,4,component_size,4,component_20_plus,0,random,1,esm2-35m,kmer3-logistic,2,macro_f1,NA,NA,NA,NA,NA,<5,NA,<3,NA,NA,privacy_suppressed
1,confirmatory,4,component_size,0,component_singleton,0,random,2,esm2-150m,aac-logistic,0,accuracy,0.779661016949153,0.322033898305085,0.457627118644068,0.321610169491525,0.610169491525424,59,59,59,59,2026,reportable
1,confirmatory,4,component_size,0,component_singleton,0,random,2,esm2-150m,aac-logistic,1,balanced_accuracy,0.759333333333333,0.296333333333333,0.463,0.263932792207792,0.651108391608392,59,59,59,59,2026,reportable
1,confirmatory,4,component_size,0,component_singleton,0,random,2,esm2-150m,aac-logistic,2,macro_f1,0.763170163170163,0.266687552213868,0.496482610956295,0.322315443519067,0.655547456762619,59,59,59,59,2026,reportable
1,confirmatory,4,component_size,1,component_02_04,0,random,2,esm2-150m,aac-logistic,0,accuracy,NA,NA,NA,NA,NA,7,7,6,6,NA,insufficient_sequences
1,confirmatory,4,component_size,1,component_02_04,0,random,2,esm2-150m,aac-logistic,1,balanced_accuracy,NA,NA,NA,NA,NA,7,7,6,6,NA,insufficient_sequences
1,confirmatory,4,component_size,1,component_02_04,0,random,2,esm2-150m,aac-logistic,2,macro_f1,NA,NA,NA,NA,NA,7,7,6,6,NA,insufficient_sequences
1,confirmatory,4,component_size,2,component_05_09,0,random,2,esm2-150m,aac-logistic,0,accuracy,NA,NA,NA,NA,NA,<5,NA,<3,NA,NA,privacy_suppressed
1,confirmatory,4,component_size,2,component_05_09,0,random,2,esm2-150m,aac-logistic,1,balanced_accuracy,NA,NA,NA,NA,NA,<5,NA,<3,NA,NA,privacy_suppressed
1,confirmatory,4,component_size,2,component_05_09,0,random,2,esm2-150m,aac-logistic,2,macro_f1,NA,NA,NA,NA,NA,<5,NA,<3,NA,NA,privacy_suppressed
1,confirmatory,4,component_size,3,component_10_19,0,random,2,esm2-150m,aac-logistic,0,accuracy,NA,NA,NA,NA,NA,<5,NA,<3,NA,NA,privacy_suppressed
1,confirmatory,4,component_size,3,component_10_19,0,random,2,esm2-150m,aac-logistic,1,balanced_accuracy,NA,NA,NA,NA,NA,<5,NA,<3,NA,NA,privacy_suppressed
1,confirmatory,4,component_size,3,component_10_19,0,random,2,esm2-150m,aac-logistic,2,macro_f1,NA,NA,NA,NA,NA,<5,NA,<3,NA,NA,privacy_suppressed
1,confirmatory,4,component_size,4,component_20_plus,0,random,2,esm2-150m,aac-logistic,0,accuracy,NA,NA,NA,NA,NA,<5,NA,<3,NA,NA,privacy_suppressed
1,confirmatory,4,component_size,4,component_20_plus,0,random,2,esm2-150m,aac-logistic,1,balanced_accuracy,NA,NA,NA,NA,NA,<5,NA,<3,NA,NA,privacy_suppressed
1,confirmatory,4,component_size,4,component_20_plus,0,random,2,esm2-150m,aac-logistic,2,macro_f1,NA,NA,NA,NA,NA,<5,NA,<3,NA,NA,privacy_suppressed
1,confirmatory,4,component_size,0,component_singleton,0,random,3,esm2-150m,kmer3-logistic,0,accuracy,0.779661016949153,0.474576271186441,0.305084745762712,0.152542372881356,0.457627118644068,59,59,59,59,2026,reportable
1,confirmatory,4,component_size,0,component_singleton,0,random,3,esm2-150m,kmer3-logistic,1,balanced_accuracy,0.759333333333333,0.411,0.348333333333333,0.183895161290323,0.503436868686869,59,59,59,59,2026,reportable
1,confirmatory,4,component_size,0,component_singleton,0,random,3,esm2-150m,kmer3-logistic,2,macro_f1,0.763170163170163,0.363619472315124,0.399550690855039,0.227510802801823,0.556948929283689,59,59,59,59,2026,reportable
1,confirmatory,4,component_size,1,component_02_04,0,random,3,esm2-150m,kmer3-logistic,0,accuracy,NA,NA,NA,NA,NA,7,7,6,6,NA,insufficient_sequences
1,confirmatory,4,component_size,1,component_02_04,0,random,3,esm2-150m,kmer3-logistic,1,balanced_accuracy,NA,NA,NA,NA,NA,7,7,6,6,NA,insufficient_sequences
1,confirmatory,4,component_size,1,component_02_04,0,random,3,esm2-150m,kmer3-logistic,2,macro_f1,NA,NA,NA,NA,NA,7,7,6,6,NA,insufficient_sequences
1,confirmatory,4,component_size,2,component_05_09,0,random,3,esm2-150m,kmer3-logistic,0,accuracy,NA,NA,NA,NA,NA,<5,NA,<3,NA,NA,privacy_suppressed
1,confirmatory,4,component_size,2,component_05_09,0,random,3,esm2-150m,kmer3-logistic,1,balanced_accuracy,NA,NA,NA,NA,NA,<5,NA,<3,NA,NA,privacy_suppressed
1,confirmatory,4,component_size,2,component_05_09,0,random,3,esm2-150m,kmer3-logistic,2,macro_f1,NA,NA,NA,NA,NA,<5,NA,<3,NA,NA,privacy_suppressed
1,confirmatory,4,component_size,3,component_10_19,0,random,3,esm2-150m,kmer3-logistic,0,accuracy,NA,NA,NA,NA,NA,<5,NA,<3,NA,NA,privacy_suppressed
1,confirmatory,4,component_size,3,component_10_19,0,random,3,esm2-150m,kmer3-logistic,1,balanced_accuracy,NA,NA,NA,NA,NA,<5,NA,<3,NA,NA,privacy_suppressed
1,confirmatory,4,component_size,3,component_10_19,0,random,3,esm2-150m,kmer3-logistic,2,macro_f1,NA,NA,NA,NA,NA,<5,NA,<3,NA,NA,privacy_suppressed
1,confirmatory,4,component_size,4,component_20_plus,0,random,3,esm2-150m,kmer3-logistic,0,accuracy,NA,NA,NA,NA,NA,<5,NA,<3,NA,NA,privacy_suppressed
1,confirmatory,4,component_size,4,component_20_plus,0,random,3,esm2-150m,kmer3-logistic,1,balanced_accuracy,NA,NA,NA,NA,NA,<5,NA,<3,NA,NA,privacy_suppressed
1,confirmatory,4,component_size,4,component_20_plus,0,random,3,esm2-150m,kmer3-logistic,2,macro_f1,NA,NA,NA,NA,NA,<5,NA,<3,NA,NA,privacy_suppressed
1,confirmatory,4,component_size,0,component_singleton,0,random,4,esm2-150m,esm2-35m,0,accuracy,0.779661016949153,0.796610169491525,-0.016949152542373,-0.101694915254237,0.050847457627119,59,59,59,59,2026,reportable
1,confirmatory,4,component_size,0,component_singleton,0,random,4,esm2-150m,esm2-35m,1,balanced_accuracy,0.759333333333333,0.767666666666667,-0.008333333333333,-0.098990151515151,0.084642857142857,59,59,59,59,2026,reportable
1,confirmatory,4,component_size,0,component_singleton,0,random,4,esm2-150m,esm2-35m,2,macro_f1,0.763170163170163,0.775387847446671,-0.012217684276508,-0.103955308183039,0.080998568958982,59,59,59,59,2026,reportable
1,confirmatory,4,component_size,1,component_02_04,0,random,4,esm2-150m,esm2-35m,0,accuracy,NA,NA,NA,NA,NA,7,7,6,6,NA,insufficient_sequences
1,confirmatory,4,component_size,1,component_02_04,0,random,4,esm2-150m,esm2-35m,1,balanced_accuracy,NA,NA,NA,NA,NA,7,7,6,6,NA,insufficient_sequences
1,confirmatory,4,component_size,1,component_02_04,0,random,4,esm2-150m,esm2-35m,2,macro_f1,NA,NA,NA,NA,NA,7,7,6,6,NA,insufficient_sequences
1,confirmatory,4,component_size,2,component_05_09,0,random,4,esm2-150m,esm2-35m,0,accuracy,NA,NA,NA,NA,NA,<5,NA,<3,NA,NA,privacy_suppressed
1,confirmatory,4,component_size,2,component_05_09,0,random,4,esm2-150m,esm2-35m,1,balanced_accuracy,NA,NA,NA,NA,NA,<5,NA,<3,NA,NA,privacy_suppressed
1,confirmatory,4,component_size,2,component_05_09,0,random,4,esm2-150m,esm2-35m,2,macro_f1,NA,NA,NA,NA,NA,<5,NA,<3,NA,NA,privacy_suppressed
1,confirmatory,4,component_size,3,component_10_19,0,random,4,esm2-150m,esm2-35m,0,accuracy,NA,NA,NA,NA,NA,<5,NA,<3,NA,NA,privacy_suppressed
1,confirmatory,4,component_size,3,component_10_19,0,random,4,esm2-150m,esm2-35m,1,balanced_accuracy,NA,NA,NA,NA,NA,<5,NA,<3,NA,NA,privacy_suppressed
1,confirmatory,4,component_size,3,component_10_19,0,random,4,esm2-150m,esm2-35m,2,macro_f1,NA,NA,NA,NA,NA,<5,NA,<3,NA,NA,privacy_suppressed
1,confirmatory,4,component_size,4,component_20_plus,0,random,4,esm2-150m,esm2-35m,0,accuracy,NA,NA,NA,NA,NA,<5,NA,<3,NA,NA,privacy_suppressed
1,confirmatory,4,component_size,4,component_20_plus,0,random,4,esm2-150m,esm2-35m,1,balanced_accuracy,NA,NA,NA,NA,NA,<5,NA,<3,NA,NA,privacy_suppressed
1,confirmatory,4,component_size,4,component_20_plus,0,random,4,esm2-150m,esm2-35m,2,macro_f1,NA,NA,NA,NA,NA,<5,NA,<3,NA,NA,privacy_suppressed
1,confirmatory,4,component_size,0,component_singleton,1,cluster70,0,esm2-35m,aac-logistic,0,accuracy,0.727272727272727,0.345454545454545,0.381818181818182,0.236363636363636,0.527272727272727,55,55,55,55,2026,reportable
1,confirmatory,4,component_size,0,component_singleton,1,cluster70,0,esm2-35m,aac-logistic,1,balanced_accuracy,0.666013986013986,0.302342657342657,0.363671328671329,0.185711413951545,0.544094913419913,55,55,55,55,2026,reportable
1,confirmatory,4,component_size,0,component_singleton,1,cluster70,0,esm2-35m,aac-logistic,2,macro_f1,0.665238095238095,0.290067873303167,0.375170221934928,0.199833410517124,0.532396802877342,55,55,55,55,2026,reportable
1,confirmatory,4,component_size,1,component_02_04,1,cluster70,0,esm2-35m,aac-logistic,0,accuracy,NA,NA,NA,NA,NA,10,10,8,8,NA,insufficient_sequences
1,confirmatory,4,component_size,1,component_02_04,1,cluster70,0,esm2-35m,aac-logistic,1,balanced_accuracy,NA,NA,NA,NA,NA,10,10,8,8,NA,insufficient_sequences
1,confirmatory,4,component_size,1,component_02_04,1,cluster70,0,esm2-35m,aac-logistic,2,macro_f1,NA,NA,NA,NA,NA,10,10,8,8,NA,insufficient_sequences
1,confirmatory,4,component_size,2,component_05_09,1,cluster70,0,esm2-35m,aac-logistic,0,accuracy,NA,NA,NA,NA,NA,<5,NA,<3,NA,NA,privacy_suppressed
1,confirmatory,4,component_size,2,component_05_09,1,cluster70,0,esm2-35m,aac-logistic,1,balanced_accuracy,NA,NA,NA,NA,NA,<5,NA,<3,NA,NA,privacy_suppressed
1,confirmatory,4,component_size,2,component_05_09,1,cluster70,0,esm2-35m,aac-logistic,2,macro_f1,NA,NA,NA,NA,NA,<5,NA,<3,NA,NA,privacy_suppressed
1,confirmatory,4,component_size,3,component_10_19,1,cluster70,0,esm2-35m,aac-logistic,0,accuracy,NA,NA,NA,NA,NA,<5,NA,<3,NA,NA,privacy_suppressed
1,confirmatory,4,component_size,3,component_10_19,1,cluster70,0,esm2-35m,aac-logistic,1,balanced_accuracy,NA,NA,NA,NA,NA,<5,NA,<3,NA,NA,privacy_suppressed
1,confirmatory,4,component_size,3,component_10_19,1,cluster70,0,esm2-35m,aac-logistic,2,macro_f1,NA,NA,NA,NA,NA,<5,NA,<3,NA,NA,privacy_suppressed
1,confirmatory,4,component_size,4,component_20_plus,1,cluster70,0,esm2-35m,aac-logistic,0,accuracy,NA,NA,NA,NA,NA,<5,NA,<3,NA,NA,privacy_suppressed
1,confirmatory,4,component_size,4,component_20_plus,1,cluster70,0,esm2-35m,aac-logistic,1,balanced_accuracy,NA,NA,NA,NA,NA,<5,NA,<3,NA,NA,privacy_suppressed
1,confirmatory,4,component_size,4,component_20_plus,1,cluster70,0,esm2-35m,aac-logistic,2,macro_f1,NA,NA,NA,NA,NA,<5,NA,<3,NA,NA,privacy_suppressed
1,confirmatory,4,component_size,0,component_singleton,1,cluster70,1,esm2-35m,kmer3-logistic,0,accuracy,0.727272727272727,0.418181818181818,0.309090909090909,0.163636363636364,0.454545454545455,55,55,55,55,2026,reportable
1,confirmatory,4,component_size,0,component_singleton,1,cluster70,1,esm2-35m,kmer3-logistic,1,balanced_accuracy,0.666013986013986,0.314440559440559,0.351573426573427,0.169691745036573,0.538893446465815,55,55,55,55,2026,reportable
1,confirmatory,4,component_size,0,component_singleton,1,cluster70,1,esm2-35m,kmer3-logistic,2,macro_f1,0.665238095238095,0.301455938697318,0.363782156540777,0.182660234285581,0.526902064642627,55,55,55,55,2026,reportable
1,confirmatory,4,component_size,1,component_02_04,1,cluster70,1,esm2-35m,kmer3-logistic,0,accuracy,NA,NA,NA,NA,NA,10,10,8,8,NA,insufficient_sequences
1,confirmatory,4,component_size,1,component_02_04,1,cluster70,1,esm2-35m,kmer3-logistic,1,balanced_accuracy,NA,NA,NA,NA,NA,10,10,8,8,NA,insufficient_sequences
1,confirmatory,4,component_size,1,component_02_04,1,cluster70,1,esm2-35m,kmer3-logistic,2,macro_f1,NA,NA,NA,NA,NA,10,10,8,8,NA,insufficient_sequences
1,confirmatory,4,component_size,2,component_05_09,1,cluster70,1,esm2-35m,kmer3-logistic,0,accuracy,NA,NA,NA,NA,NA,<5,NA,<3,NA,NA,privacy_suppressed
1,confirmatory,4,component_size,2,component_05_09,1,cluster70,1,esm2-35m,kmer3-logistic,1,balanced_accuracy,NA,NA,NA,NA,NA,<5,NA,<3,NA,NA,privacy_suppressed
1,confirmatory,4,component_size,2,component_05_09,1,cluster70,1,esm2-35m,kmer3-logistic,2,macro_f1,NA,NA,NA,NA,NA,<5,NA,<3,NA,NA,privacy_suppressed
1,confirmatory,4,component_size,3,component_10_19,1,cluster70,1,esm2-35m,kmer3-logistic,0,accuracy,NA,NA,NA,NA,NA,<5,NA,<3,NA,NA,privacy_suppressed
1,confirmatory,4,component_size,3,component_10_19,1,cluster70,1,esm2-35m,kmer3-logistic,1,balanced_accuracy,NA,NA,NA,NA,NA,<5,NA,<3,NA,NA,privacy_suppressed
1,confirmatory,4,component_size,3,component_10_19,1,cluster70,1,esm2-35m,kmer3-logistic,2,macro_f1,NA,NA,NA,NA,NA,<5,NA,<3,NA,NA,privacy_suppressed
1,confirmatory,4,component_size,4,component_20_plus,1,cluster70,1,esm2-35m,kmer3-logistic,0,accuracy,NA,NA,NA,NA,NA,<5,NA,<3,NA,NA,privacy_suppressed
1,confirmatory,4,component_size,4,component_20_plus,1,cluster70,1,esm2-35m,kmer3-logistic,1,balanced_accuracy,NA,NA,NA,NA,NA,<5,NA,<3,NA,NA,privacy_suppressed
1,confirmatory,4,component_size,4,component_20_plus,1,cluster70,1,esm2-35m,kmer3-logistic,2,macro_f1,NA,NA,NA,NA,NA,<5,NA,<3,NA,NA,privacy_suppressed
1,confirmatory,4,component_size,0,component_singleton,1,cluster70,2,esm2-150m,aac-logistic,0,accuracy,0.836363636363636,0.345454545454545,0.490909090909091,0.363636363636364,0.618181818181818,55,55,55,55,2026,reportable
1,confirmatory,4,component_size,0,component_singleton,1,cluster70,2,esm2-150m,aac-logistic,1,balanced_accuracy,0.775944055944056,0.302342657342657,0.473601398601399,0.304225649350649,0.644978859103859,55,55,55,55,2026,reportable
1,confirmatory,4,component_size,0,component_singleton,1,cluster70,2,esm2-150m,aac-logistic,2,macro_f1,0.787532467532468,0.290067873303167,0.4974645942293,0.322046544786906,0.647537240462751,55,55,55,55,2026,reportable
1,confirmatory,4,component_size,1,component_02_04,1,cluster70,2,esm2-150m,aac-logistic,0,accuracy,NA,NA,NA,NA,NA,10,10,8,8,NA,insufficient_sequences
1,confirmatory,4,component_size,1,component_02_04,1,cluster70,2,esm2-150m,aac-logistic,1,balanced_accuracy,NA,NA,NA,NA,NA,10,10,8,8,NA,insufficient_sequences
1,confirmatory,4,component_size,1,component_02_04,1,cluster70,2,esm2-150m,aac-logistic,2,macro_f1,NA,NA,NA,NA,NA,10,10,8,8,NA,insufficient_sequences
1,confirmatory,4,component_size,2,component_05_09,1,cluster70,2,esm2-150m,aac-logistic,0,accuracy,NA,NA,NA,NA,NA,<5,NA,<3,NA,NA,privacy_suppressed
1,confirmatory,4,component_size,2,component_05_09,1,cluster70,2,esm2-150m,aac-logistic,1,balanced_accuracy,NA,NA,NA,NA,NA,<5,NA,<3,NA,NA,privacy_suppressed
1,confirmatory,4,component_size,2,component_05_09,1,cluster70,2,esm2-150m,aac-logistic,2,macro_f1,NA,NA,NA,NA,NA,<5,NA,<3,NA,NA,privacy_suppressed
1,confirmatory,4,component_size,3,component_10_19,1,cluster70,2,esm2-150m,aac-logistic,0,accuracy,NA,NA,NA,NA,NA,<5,NA,<3,NA,NA,privacy_suppressed
1,confirmatory,4,component_size,3,component_10_19,1,cluster70,2,esm2-150m,aac-logistic,1,balanced_accuracy,NA,NA,NA,NA,NA,<5,NA,<3,NA,NA,privacy_suppressed
1,confirmatory,4,component_size,3,component_10_19,1,cluster70,2,esm2-150m,aac-logistic,2,macro_f1,NA,NA,NA,NA,NA,<5,NA,<3,NA,NA,privacy_suppressed
1,confirmatory,4,component_size,4,component_20_plus,1,cluster70,2,esm2-150m,aac-logistic,0,accuracy,NA,NA,NA,NA,NA,<5,NA,<3,NA,NA,privacy_suppressed
1,confirmatory,4,component_size,4,component_20_plus,1,cluster70,2,esm2-150m,aac-logistic,1,balanced_accuracy,NA,NA,NA,NA,NA,<5,NA,<3,NA,NA,privacy_suppressed
1,confirmatory,4,component_size,4,component_20_plus,1,cluster70,2,esm2-150m,aac-logistic,2,macro_f1,NA,NA,NA,NA,NA,<5,NA,<3,NA,NA,privacy_suppressed
1,confirmatory,4,component_size,0,component_singleton,1,cluster70,3,esm2-150m,kmer3-logistic,0,accuracy,0.836363636363636,0.418181818181818,0.418181818181818,0.272727272727273,0.563636363636364,55,55,55,55,2026,reportable
1,confirmatory,4,component_size,0,component_singleton,1,cluster70,3,esm2-150m,kmer3-logistic,1,balanced_accuracy,0.775944055944056,0.314440559440559,0.461503496503496,0.301539854957505,0.626616912972085,55,55,55,55,2026,reportable
1,confirmatory,4,component_size,0,component_singleton,1,cluster70,3,esm2-150m,kmer3-logistic,2,macro_f1,0.787532467532468,0.301455938697318,0.48607652883515,0.313507395300556,0.641063355804842,55,55,55,55,2026,reportable
1,confirmatory,4,component_size,1,component_02_04,1,cluster70,3,esm2-150m,kmer3-logistic,0,accuracy,NA,NA,NA,NA,NA,10,10,8,8,NA,insufficient_sequences
1,confirmatory,4,component_size,1,component_02_04,1,cluster70,3,esm2-150m,kmer3-logistic,1,balanced_accuracy,NA,NA,NA,NA,NA,10,10,8,8,NA,insufficient_sequences
1,confirmatory,4,component_size,1,component_02_04,1,cluster70,3,esm2-150m,kmer3-logistic,2,macro_f1,NA,NA,NA,NA,NA,10,10,8,8,NA,insufficient_sequences
1,confirmatory,4,component_size,2,component_05_09,1,cluster70,3,esm2-150m,kmer3-logistic,0,accuracy,NA,NA,NA,NA,NA,<5,NA,<3,NA,NA,privacy_suppressed
1,confirmatory,4,component_size,2,component_05_09,1,cluster70,3,esm2-150m,kmer3-logistic,1,balanced_accuracy,NA,NA,NA,NA,NA,<5,NA,<3,NA,NA,privacy_suppressed
1,confirmatory,4,component_size,2,component_05_09,1,cluster70,3,esm2-150m,kmer3-logistic,2,macro_f1,NA,NA,NA,NA,NA,<5,NA,<3,NA,NA,privacy_suppressed
1,confirmatory,4,component_size,3,component_10_19,1,cluster70,3,esm2-150m,kmer3-logistic,0,accuracy,NA,NA,NA,NA,NA,<5,NA,<3,NA,NA,privacy_suppressed
1,confirmatory,4,component_size,3,component_10_19,1,cluster70,3,esm2-150m,kmer3-logistic,1,balanced_accuracy,NA,NA,NA,NA,NA,<5,NA,<3,NA,NA,privacy_suppressed
1,confirmatory,4,component_size,3,component_10_19,1,cluster70,3,esm2-150m,kmer3-logistic,2,macro_f1,NA,NA,NA,NA,NA,<5,NA,<3,NA,NA,privacy_suppressed
1,confirmatory,4,component_size,4,component_20_plus,1,cluster70,3,esm2-150m,kmer3-logistic,0,accuracy,NA,NA,NA,NA,NA,<5,NA,<3,NA,NA,privacy_suppressed
1,confirmatory,4,component_size,4,component_20_plus,1,cluster70,3,esm2-150m,kmer3-logistic,1,balanced_accuracy,NA,NA,NA,NA,NA,<5,NA,<3,NA,NA,privacy_suppressed
1,confirmatory,4,component_size,4,component_20_plus,1,cluster70,3,esm2-150m,kmer3-logistic,2,macro_f1,NA,NA,NA,NA,NA,<5,NA,<3,NA,NA,privacy_suppressed
1,confirmatory,4,component_size,0,component_singleton,1,cluster70,4,esm2-150m,esm2-35m,0,accuracy,0.836363636363636,0.727272727272727,0.109090909090909,0.018181818181818,0.218181818181818,55,55,55,55,2026,reportable
1,confirmatory,4,component_size,0,component_singleton,1,cluster70,4,esm2-150m,esm2-35m,1,balanced_accuracy,0.775944055944056,0.666013986013986,0.10993006993007,0.021421957671958,0.215513688897309,55,55,55,55,2026,reportable
1,confirmatory,4,component_size,0,component_singleton,1,cluster70,4,esm2-150m,esm2-35m,2,macro_f1,0.787532467532468,0.665238095238095,0.122294372294372,0.031147001223067,0.232690941623989,55,55,55,55,2026,reportable
1,confirmatory,4,component_size,1,component_02_04,1,cluster70,4,esm2-150m,esm2-35m,0,accuracy,NA,NA,NA,NA,NA,10,10,8,8,NA,insufficient_sequences
1,confirmatory,4,component_size,1,component_02_04,1,cluster70,4,esm2-150m,esm2-35m,1,balanced_accuracy,NA,NA,NA,NA,NA,10,10,8,8,NA,insufficient_sequences
1,confirmatory,4,component_size,1,component_02_04,1,cluster70,4,esm2-150m,esm2-35m,2,macro_f1,NA,NA,NA,NA,NA,10,10,8,8,NA,insufficient_sequences
1,confirmatory,4,component_size,2,component_05_09,1,cluster70,4,esm2-150m,esm2-35m,0,accuracy,NA,NA,NA,NA,NA,<5,NA,<3,NA,NA,privacy_suppressed
1,confirmatory,4,component_size,2,component_05_09,1,cluster70,4,esm2-150m,esm2-35m,1,balanced_accuracy,NA,NA,NA,NA,NA,<5,NA,<3,NA,NA,privacy_suppressed
1,confirmatory,4,component_size,2,component_05_09,1,cluster70,4,esm2-150m,esm2-35m,2,macro_f1,NA,NA,NA,NA,NA,<5,NA,<3,NA,NA,privacy_suppressed
1,confirmatory,4,component_size,3,component_10_19,1,cluster70,4,esm2-150m,esm2-35m,0,accuracy,NA,NA,NA,NA,NA,<5,NA,<3,NA,NA,privacy_suppressed
1,confirmatory,4,component_size,3,component_10_19,1,cluster70,4,esm2-150m,esm2-35m,1,balanced_accuracy,NA,NA,NA,NA,NA,<5,NA,<3,NA,NA,privacy_suppressed
1,confirmatory,4,component_size,3,component_10_19,1,cluster70,4,esm2-150m,esm2-35m,2,macro_f1,NA,NA,NA,NA,NA,<5,NA,<3,NA,NA,privacy_suppressed
1,confirmatory,4,component_size,4,component_20_plus,1,cluster70,4,esm2-150m,esm2-35m,0,accuracy,NA,NA,NA,NA,NA,<5,NA,<3,NA,NA,privacy_suppressed
1,confirmatory,4,component_size,4,component_20_plus,1,cluster70,4,esm2-150m,esm2-35m,1,balanced_accuracy,NA,NA,NA,NA,NA,<5,NA,<3,NA,NA,privacy_suppressed
1,confirmatory,4,component_size,4,component_20_plus,1,cluster70,4,esm2-150m,esm2-35m,2,macro_f1,NA,NA,NA,NA,NA,<5,NA,<3,NA,NA,privacy_suppressed
1,confirmatory,4,component_size,0,component_singleton,2,cluster50,0,esm2-35m,aac-logistic,0,accuracy,0.880952380952381,0.380952380952381,0.5,0.333333333333333,0.666666666666667,42,42,42,42,2026,reportable
1,confirmatory,4,component_size,0,component_singleton,2,cluster50,0,esm2-35m,aac-logistic,1,balanced_accuracy,0.72463768115942,0.416231884057971,0.308405797101449,0.066666666666667,0.548206474684735,42,42,42,42,2026,reportable
1,confirmatory,4,component_size,0,component_singleton,2,cluster50,0,esm2-35m,aac-logistic,2,macro_f1,0.705182760501909,0.349450549450549,0.35573221105136,0.172403943278943,0.540649326503836,42,42,42,42,2026,reportable
1,confirmatory,4,component_size,1,component_02_04,2,cluster50,0,esm2-35m,aac-logistic,0,accuracy,0.818181818181818,0.318181818181818,0.5,0.260869565217391,0.75,22,22,16,16,2026,reportable
1,confirmatory,4,component_size,1,component_02_04,2,cluster50,0,esm2-35m,aac-logistic,1,balanced_accuracy,0.885714285714286,0.29047619047619,0.595238095238095,0.245097572362278,0.77225,22,22,16,16,2026,reportable
1,confirmatory,4,component_size,1,component_02_04,2,cluster50,0,esm2-35m,aac-logistic,2,macro_f1,0.87,0.275454545454545,0.594545454545454,0.222507575757576,0.767096459096459,22,22,16,16,2026,reportable
1,confirmatory,4,component_size,2,component_05_09,2,cluster50,0,esm2-35m,aac-logistic,0,accuracy,NA,NA,NA,NA,NA,<5,NA,<3,NA,NA,privacy_suppressed
1,confirmatory,4,component_size,2,component_05_09,2,cluster50,0,esm2-35m,aac-logistic,1,balanced_accuracy,NA,NA,NA,NA,NA,<5,NA,<3,NA,NA,privacy_suppressed
1,confirmatory,4,component_size,2,component_05_09,2,cluster50,0,esm2-35m,aac-logistic,2,macro_f1,NA,NA,NA,NA,NA,<5,NA,<3,NA,NA,privacy_suppressed
1,confirmatory,4,component_size,3,component_10_19,2,cluster50,0,esm2-35m,aac-logistic,0,accuracy,NA,NA,NA,NA,NA,<5,NA,<3,NA,NA,privacy_suppressed
1,confirmatory,4,component_size,3,component_10_19,2,cluster50,0,esm2-35m,aac-logistic,1,balanced_accuracy,NA,NA,NA,NA,NA,<5,NA,<3,NA,NA,privacy_suppressed
1,confirmatory,4,component_size,3,component_10_19,2,cluster50,0,esm2-35m,aac-logistic,2,macro_f1,NA,NA,NA,NA,NA,<5,NA,<3,NA,NA,privacy_suppressed
1,confirmatory,4,component_size,4,component_20_plus,2,cluster50,0,esm2-35m,aac-logistic,0,accuracy,NA,NA,NA,NA,NA,<5,NA,<3,NA,NA,privacy_suppressed
1,confirmatory,4,component_size,4,component_20_plus,2,cluster50,0,esm2-35m,aac-logistic,1,balanced_accuracy,NA,NA,NA,NA,NA,<5,NA,<3,NA,NA,privacy_suppressed
1,confirmatory,4,component_size,4,component_20_plus,2,cluster50,0,esm2-35m,aac-logistic,2,macro_f1,NA,NA,NA,NA,NA,<5,NA,<3,NA,NA,privacy_suppressed
1,confirmatory,4,component_size,0,component_singleton,2,cluster50,1,esm2-35m,kmer3-logistic,0,accuracy,0.880952380952381,0.476190476190476,0.404761904761905,0.238095238095238,0.571428571428571,42,42,42,42,2026,reportable
1,confirmatory,4,component_size,0,component_singleton,2,cluster50,1,esm2-35m,kmer3-logistic,1,balanced_accuracy,0.72463768115942,0.279130434782609,0.445507246376812,0.282579887218045,0.590487012987013,42,42,42,42,2026,reportable
1,confirmatory,4,component_size,0,component_singleton,2,cluster50,1,esm2-35m,kmer3-logistic,2,macro_f1,0.705182760501909,0.262633053221288,0.442549707280621,0.284158597883598,0.583055838124724,42,42,42,42,2026,reportable
1,confirmatory,4,component_size,1,component_02_04,2,cluster50,1,esm2-35m,kmer3-logistic,0,accuracy,0.818181818181818,0.5,0.318181818181818,0.090909090909091,0.545454545454545,22,22,16,16,2026,reportable
1,confirmatory,4,component_size,1,component_02_04,2,cluster50,1,esm2-35m,kmer3-logistic,1,balanced_accuracy,0.885714285714286,0.511904761904762,0.373809523809524,0.057142857142857,0.533357142857143,22,22,16,16,2026,reportable
1,confirmatory,4,component_size,1,component_02_04,2,cluster50,1,esm2-35m,kmer3-logistic,2,macro_f1,0.87,0.427450980392157,0.442549019607843,0.092692640692641,0.614318681318681,22,22,16,16,2026,reportable
1,confirmatory,4,component_size,2,component_05_09,2,cluster50,1,esm2-35m,kmer3-logistic,0,accuracy,NA,NA,NA,NA,NA,<5,NA,<3,NA,NA,privacy_suppressed
1,confirmatory,4,component_size,2,component_05_09,2,cluster50,1,esm2-35m,kmer3-logistic,1,balanced_accuracy,NA,NA,NA,NA,NA,<5,NA,<3,NA,NA,privacy_suppressed
1,confirmatory,4,component_size,2,component_05_09,2,cluster50,1,esm2-35m,kmer3-logistic,2,macro_f1,NA,NA,NA,NA,NA,<5,NA,<3,NA,NA,privacy_suppressed
1,confirmatory,4,component_size,3,component_10_19,2,cluster50,1,esm2-35m,kmer3-logistic,0,accuracy,NA,NA,NA,NA,NA,<5,NA,<3,NA,NA,privacy_suppressed
1,confirmatory,4,component_size,3,component_10_19,2,cluster50,1,esm2-35m,kmer3-logistic,1,balanced_accuracy,NA,NA,NA,NA,NA,<5,NA,<3,NA,NA,privacy_suppressed
1,confirmatory,4,component_size,3,component_10_19,2,cluster50,1,esm2-35m,kmer3-logistic,2,macro_f1,NA,NA,NA,NA,NA,<5,NA,<3,NA,NA,privacy_suppressed
1,confirmatory,4,component_size,4,component_20_plus,2,cluster50,1,esm2-35m,kmer3-logistic,0,accuracy,NA,NA,NA,NA,NA,<5,NA,<3,NA,NA,privacy_suppressed
1,confirmatory,4,component_size,4,component_20_plus,2,cluster50,1,esm2-35m,kmer3-logistic,1,balanced_accuracy,NA,NA,NA,NA,NA,<5,NA,<3,NA,NA,privacy_suppressed
1,confirmatory,4,component_size,4,component_20_plus,2,cluster50,1,esm2-35m,kmer3-logistic,2,macro_f1,NA,NA,NA,NA,NA,<5,NA,<3,NA,NA,privacy_suppressed
1,confirmatory,4,component_size,0,component_singleton,2,cluster50,2,esm2-150m,aac-logistic,0,accuracy,0.880952380952381,0.380952380952381,0.5,0.333333333333333,0.666666666666667,42,42,42,42,2026,reportable
1,confirmatory,4,component_size,0,component_singleton,2,cluster50,2,esm2-150m,aac-logistic,1,balanced_accuracy,0.815942028985507,0.416231884057971,0.399710144927536,0.096328502415459,0.705730848861284,42,42,42,42,2026,reportable
1,confirmatory,4,component_size,0,component_singleton,2,cluster50,2,esm2-150m,aac-logistic,2,macro_f1,0.8,0.349450549450549,0.450549450549451,0.251065860902764,0.670716449905699,42,42,42,42,2026,reportable
1,confirmatory,4,component_size,1,component_02_04,2,cluster50,2,esm2-150m,aac-logistic,0,accuracy,0.863636363636364,0.318181818181818,0.545454545454545,0.318181818181818,0.761904761904762,22,22,16,16,2026,reportable
1,confirmatory,4,component_size,1,component_02_04,2,cluster50,2,esm2-150m,aac-logistic,1,balanced_accuracy,0.914285714285714,0.29047619047619,0.623809523809524,0.266666666666667,0.8,22,22,16,16,2026,reportable
1,confirmatory,4,component_size,1,component_02_04,2,cluster50,2,esm2-150m,aac-logistic,2,macro_f1,0.905454545454546,0.275454545454545,0.63,0.261348351940457,0.80365034965035,22,22,16,16,2026,reportable
1,confirmatory,4,component_size,2,component_05_09,2,cluster50,2,esm2-150m,aac-logistic,0,accuracy,NA,NA,NA,NA,NA,<5,NA,<3,NA,NA,privacy_suppressed
1,confirmatory,4,component_size,2,component_05_09,2,cluster50,2,esm2-150m,aac-logistic,1,balanced_accuracy,NA,NA,NA,NA,NA,<5,NA,<3,NA,NA,privacy_suppressed
1,confirmatory,4,component_size,2,component_05_09,2,cluster50,2,esm2-150m,aac-logistic,2,macro_f1,NA,NA,NA,NA,NA,<5,NA,<3,NA,NA,privacy_suppressed
1,confirmatory,4,component_size,3,component_10_19,2,cluster50,2,esm2-150m,aac-logistic,0,accuracy,NA,NA,NA,NA,NA,<5,NA,<3,NA,NA,privacy_suppressed
1,confirmatory,4,component_size,3,component_10_19,2,cluster50,2,esm2-150m,aac-logistic,1,balanced_accuracy,NA,NA,NA,NA,NA,<5,NA,<3,NA,NA,privacy_suppressed
1,confirmatory,4,component_size,3,component_10_19,2,cluster50,2,esm2-150m,aac-logistic,2,macro_f1,NA,NA,NA,NA,NA,<5,NA,<3,NA,NA,privacy_suppressed
1,confirmatory,4,component_size,4,component_20_plus,2,cluster50,2,esm2-150m,aac-logistic,0,accuracy,NA,NA,NA,NA,NA,<5,NA,<3,NA,NA,privacy_suppressed
1,confirmatory,4,component_size,4,component_20_plus,2,cluster50,2,esm2-150m,aac-logistic,1,balanced_accuracy,NA,NA,NA,NA,NA,<5,NA,<3,NA,NA,privacy_suppressed
1,confirmatory,4,component_size,4,component_20_plus,2,cluster50,2,esm2-150m,aac-logistic,2,macro_f1,NA,NA,NA,NA,NA,<5,NA,<3,NA,NA,privacy_suppressed
1,confirmatory,4,component_size,0,component_singleton,2,cluster50,3,esm2-150m,kmer3-logistic,0,accuracy,0.880952380952381,0.476190476190476,0.404761904761905,0.214285714285714,0.571428571428571,42,42,42,42,2026,reportable
1,confirmatory,4,component_size,0,component_singleton,2,cluster50,3,esm2-150m,kmer3-logistic,1,balanced_accuracy,0.815942028985507,0.279130434782609,0.536811594202899,0.292837301587301,0.7452950310559,42,42,42,42,2026,reportable
1,confirmatory,4,component_size,0,component_singleton,2,cluster50,3,esm2-150m,kmer3-logistic,2,macro_f1,0.8,0.262633053221288,0.537366946778712,0.329403693528694,0.733049709354226,42,42,42,42,2026,reportable
1,confirmatory,4,component_size,1,component_02_04,2,cluster50,3,esm2-150m,kmer3-logistic,0,accuracy,0.863636363636364,0.5,0.363636363636364,0.157894736842105,0.579057017543859,22,22,16,16,2026,reportable
1,confirmatory,4,component_size,1,component_02_04,2,cluster50,3,esm2-150m,kmer3-logistic,1,balanced_accuracy,0.914285714285714,0.511904761904762,0.402380952380952,0.091666666666667,0.543333333333333,22,22,16,16,2026,reportable
1,confirmatory,4,component_size,1,component_02_04,2,cluster50,3,esm2-150m,kmer3-logistic,2,macro_f1,0.905454545454546,0.427450980392157,0.478003565062389,0.140409090909091,0.646863095238095,22,22,16,16,2026,reportable
1,confirmatory,4,component_size,2,component_05_09,2,cluster50,3,esm2-150m,kmer3-logistic,0,accuracy,NA,NA,NA,NA,NA,<5,NA,<3,NA,NA,privacy_suppressed
1,confirmatory,4,component_size,2,component_05_09,2,cluster50,3,esm2-150m,kmer3-logistic,1,balanced_accuracy,NA,NA,NA,NA,NA,<5,NA,<3,NA,NA,privacy_suppressed
1,confirmatory,4,component_size,2,component_05_09,2,cluster50,3,esm2-150m,kmer3-logistic,2,macro_f1,NA,NA,NA,NA,NA,<5,NA,<3,NA,NA,privacy_suppressed
1,confirmatory,4,component_size,3,component_10_19,2,cluster50,3,esm2-150m,kmer3-logistic,0,accuracy,NA,NA,NA,NA,NA,<5,NA,<3,NA,NA,privacy_suppressed
1,confirmatory,4,component_size,3,component_10_19,2,cluster50,3,esm2-150m,kmer3-logistic,1,balanced_accuracy,NA,NA,NA,NA,NA,<5,NA,<3,NA,NA,privacy_suppressed
1,confirmatory,4,component_size,3,component_10_19,2,cluster50,3,esm2-150m,kmer3-logistic,2,macro_f1,NA,NA,NA,NA,NA,<5,NA,<3,NA,NA,privacy_suppressed
1,confirmatory,4,component_size,4,component_20_plus,2,cluster50,3,esm2-150m,kmer3-logistic,0,accuracy,NA,NA,NA,NA,NA,<5,NA,<3,NA,NA,privacy_suppressed
1,confirmatory,4,component_size,4,component_20_plus,2,cluster50,3,esm2-150m,kmer3-logistic,1,balanced_accuracy,NA,NA,NA,NA,NA,<5,NA,<3,NA,NA,privacy_suppressed
1,confirmatory,4,component_size,4,component_20_plus,2,cluster50,3,esm2-150m,kmer3-logistic,2,macro_f1,NA,NA,NA,NA,NA,<5,NA,<3,NA,NA,privacy_suppressed
1,confirmatory,4,component_size,0,component_singleton,2,cluster50,4,esm2-150m,esm2-35m,0,accuracy,0.880952380952381,0.880952380952381,0,-0.095238095238095,0.095238095238095,42,42,42,42,2026,reportable
1,confirmatory,4,component_size,0,component_singleton,2,cluster50,4,esm2-150m,esm2-35m,1,balanced_accuracy,0.815942028985507,0.72463768115942,0.091304347826087,-0.076230158730159,0.251439153439154,42,42,42,42,2026,reportable
1,confirmatory,4,component_size,0,component_singleton,2,cluster50,4,esm2-150m,esm2-35m,2,macro_f1,0.8,0.705182760501909,0.094817239498091,-0.062939392673916,0.256898709985666,42,42,42,42,2026,reportable
1,confirmatory,4,component_size,1,component_02_04,2,cluster50,4,esm2-150m,esm2-35m,0,accuracy,0.863636363636364,0.818181818181818,0.045454545454545,0,0.136363636363636,22,22,16,16,2026,reportable
1,confirmatory,4,component_size,1,component_02_04,2,cluster50,4,esm2-150m,esm2-35m,1,balanced_accuracy,0.914285714285714,0.885714285714286,0.028571428571428,0,0.085714285714286,22,22,16,16,2026,reportable
1,confirmatory,4,component_size,1,component_02_04,2,cluster50,4,esm2-150m,esm2-35m,2,macro_f1,0.905454545454546,0.87,0.035454545454546,0,0.145,22,22,16,16,2026,reportable
1,confirmatory,4,component_size,2,component_05_09,2,cluster50,4,esm2-150m,esm2-35m,0,accuracy,NA,NA,NA,NA,NA,<5,NA,<3,NA,NA,privacy_suppressed
1,confirmatory,4,component_size,2,component_05_09,2,cluster50,4,esm2-150m,esm2-35m,1,balanced_accuracy,NA,NA,NA,NA,NA,<5,NA,<3,NA,NA,privacy_suppressed
1,confirmatory,4,component_size,2,component_05_09,2,cluster50,4,esm2-150m,esm2-35m,2,macro_f1,NA,NA,NA,NA,NA,<5,NA,<3,NA,NA,privacy_suppressed
1,confirmatory,4,component_size,3,component_10_19,2,cluster50,4,esm2-150m,esm2-35m,0,accuracy,NA,NA,NA,NA,NA,<5,NA,<3,NA,NA,privacy_suppressed
1,confirmatory,4,component_size,3,component_10_19,2,cluster50,4,esm2-150m,esm2-35m,1,balanced_accuracy,NA,NA,NA,NA,NA,<5,NA,<3,NA,NA,privacy_suppressed
1,confirmatory,4,component_size,3,component_10_19,2,cluster50,4,esm2-150m,esm2-35m,2,macro_f1,NA,NA,NA,NA,NA,<5,NA,<3,NA,NA,privacy_suppressed
1,confirmatory,4,component_size,4,component_20_plus,2,cluster50,4,esm2-150m,esm2-35m,0,accuracy,NA,NA,NA,NA,NA,<5,NA,<3,NA,NA,privacy_suppressed
1,confirmatory,4,component_size,4,component_20_plus,2,cluster50,4,esm2-150m,esm2-35m,1,balanced_accuracy,NA,NA,NA,NA,NA,<5,NA,<3,NA,NA,privacy_suppressed
1,confirmatory,4,component_size,4,component_20_plus,2,cluster50,4,esm2-150m,esm2-35m,2,macro_f1,NA,NA,NA,NA,NA,<5,NA,<3,NA,NA,privacy_suppressed
1,confirmatory,4,component_size,0,component_singleton,3,cluster30,0,esm2-35m,aac-logistic,0,accuracy,0.740740740740741,0.351851851851852,0.388888888888889,0.203703703703704,0.555555555555556,54,54,54,54,2026,reportable
1,confirmatory,4,component_size,0,component_singleton,3,cluster30,0,esm2-35m,aac-logistic,1,balanced_accuracy,0.671530522617479,0.25737812911726,0.41415239350022,0.205611305361305,0.622655844155844,54,54,54,54,2026,reportable
1,confirmatory,4,component_size,0,component_singleton,3,cluster30,0,esm2-35m,aac-logistic,2,macro_f1,0.672836581441087,0.271848852901484,0.400987728539603,0.227914912606696,0.582086777558526,54,54,54,54,2026,reportable
1,confirmatory,4,component_size,1,component_02_04,3,cluster30,0,esm2-35m,aac-logistic,0,accuracy,NA,NA,NA,NA,NA,12,12,6,6,NA,insufficient_sequences
1,confirmatory,4,component_size,1,component_02_04,3,cluster30,0,esm2-35m,aac-logistic,1,balanced_accuracy,NA,NA,NA,NA,NA,12,12,6,6,NA,insufficient_sequences
1,confirmatory,4,component_size,1,component_02_04,3,cluster30,0,esm2-35m,aac-logistic,2,macro_f1,NA,NA,NA,NA,NA,12,12,6,6,NA,insufficient_sequences
1,confirmatory,4,component_size,2,component_05_09,3,cluster30,0,esm2-35m,aac-logistic,0,accuracy,NA,NA,NA,NA,NA,<5,NA,<3,NA,NA,privacy_suppressed
1,confirmatory,4,component_size,2,component_05_09,3,cluster30,0,esm2-35m,aac-logistic,1,balanced_accuracy,NA,NA,NA,NA,NA,<5,NA,<3,NA,NA,privacy_suppressed
1,confirmatory,4,component_size,2,component_05_09,3,cluster30,0,esm2-35m,aac-logistic,2,macro_f1,NA,NA,NA,NA,NA,<5,NA,<3,NA,NA,privacy_suppressed
1,confirmatory,4,component_size,3,component_10_19,3,cluster30,0,esm2-35m,aac-logistic,0,accuracy,NA,NA,NA,NA,NA,<5,NA,<3,NA,NA,privacy_suppressed
1,confirmatory,4,component_size,3,component_10_19,3,cluster30,0,esm2-35m,aac-logistic,1,balanced_accuracy,NA,NA,NA,NA,NA,<5,NA,<3,NA,NA,privacy_suppressed
1,confirmatory,4,component_size,3,component_10_19,3,cluster30,0,esm2-35m,aac-logistic,2,macro_f1,NA,NA,NA,NA,NA,<5,NA,<3,NA,NA,privacy_suppressed
1,confirmatory,4,component_size,4,component_20_plus,3,cluster30,0,esm2-35m,aac-logistic,0,accuracy,NA,NA,NA,NA,NA,<5,NA,<3,NA,NA,privacy_suppressed
1,confirmatory,4,component_size,4,component_20_plus,3,cluster30,0,esm2-35m,aac-logistic,1,balanced_accuracy,NA,NA,NA,NA,NA,<5,NA,<3,NA,NA,privacy_suppressed
1,confirmatory,4,component_size,4,component_20_plus,3,cluster30,0,esm2-35m,aac-logistic,2,macro_f1,NA,NA,NA,NA,NA,<5,NA,<3,NA,NA,privacy_suppressed
1,confirmatory,4,component_size,0,component_singleton,3,cluster30,1,esm2-35m,kmer3-logistic,0,accuracy,0.740740740740741,0.5,0.240740740740741,0.092592592592593,0.388888888888889,54,54,54,54,2026,reportable
1,confirmatory,4,component_size,0,component_singleton,3,cluster30,1,esm2-35m,kmer3-logistic,1,balanced_accuracy,0.671530522617479,0.364855072463768,0.306675450153711,0.135125,0.489306818181818,54,54,54,54,2026,reportable
1,confirmatory,4,component_size,0,component_singleton,3,cluster30,1,esm2-35m,kmer3-logistic,2,macro_f1,0.672836581441087,0.326938775510204,0.345897805930883,0.187937893151852,0.502009650164466,54,54,54,54,2026,reportable
1,confirmatory,4,component_size,1,component_02_04,3,cluster30,1,esm2-35m,kmer3-logistic,0,accuracy,NA,NA,NA,NA,NA,12,12,6,6,NA,insufficient_sequences
1,confirmatory,4,component_size,1,component_02_04,3,cluster30,1,esm2-35m,kmer3-logistic,1,balanced_accuracy,NA,NA,NA,NA,NA,12,12,6,6,NA,insufficient_sequences
1,confirmatory,4,component_size,1,component_02_04,3,cluster30,1,esm2-35m,kmer3-logistic,2,macro_f1,NA,NA,NA,NA,NA,12,12,6,6,NA,insufficient_sequences
1,confirmatory,4,component_size,2,component_05_09,3,cluster30,1,esm2-35m,kmer3-logistic,0,accuracy,NA,NA,NA,NA,NA,<5,NA,<3,NA,NA,privacy_suppressed
1,confirmatory,4,component_size,2,component_05_09,3,cluster30,1,esm2-35m,kmer3-logistic,1,balanced_accuracy,NA,NA,NA,NA,NA,<5,NA,<3,NA,NA,privacy_suppressed
1,confirmatory,4,component_size,2,component_05_09,3,cluster30,1,esm2-35m,kmer3-logistic,2,macro_f1,NA,NA,NA,NA,NA,<5,NA,<3,NA,NA,privacy_suppressed
1,confirmatory,4,component_size,3,component_10_19,3,cluster30,1,esm2-35m,kmer3-logistic,0,accuracy,NA,NA,NA,NA,NA,<5,NA,<3,NA,NA,privacy_suppressed
1,confirmatory,4,component_size,3,component_10_19,3,cluster30,1,esm2-35m,kmer3-logistic,1,balanced_accuracy,NA,NA,NA,NA,NA,<5,NA,<3,NA,NA,privacy_suppressed
1,confirmatory,4,component_size,3,component_10_19,3,cluster30,1,esm2-35m,kmer3-logistic,2,macro_f1,NA,NA,NA,NA,NA,<5,NA,<3,NA,NA,privacy_suppressed
1,confirmatory,4,component_size,4,component_20_plus,3,cluster30,1,esm2-35m,kmer3-logistic,0,accuracy,NA,NA,NA,NA,NA,<5,NA,<3,NA,NA,privacy_suppressed
1,confirmatory,4,component_size,4,component_20_plus,3,cluster30,1,esm2-35m,kmer3-logistic,1,balanced_accuracy,NA,NA,NA,NA,NA,<5,NA,<3,NA,NA,privacy_suppressed
1,confirmatory,4,component_size,4,component_20_plus,3,cluster30,1,esm2-35m,kmer3-logistic,2,macro_f1,NA,NA,NA,NA,NA,<5,NA,<3,NA,NA,privacy_suppressed
1,confirmatory,4,component_size,0,component_singleton,3,cluster30,2,esm2-150m,aac-logistic,0,accuracy,0.777777777777778,0.351851851851852,0.425925925925926,0.277777777777778,0.574074074074074,54,54,54,54,2026,reportable
1,confirmatory,4,component_size,0,component_singleton,3,cluster30,2,esm2-150m,aac-logistic,1,balanced_accuracy,0.69840799297321,0.25737812911726,0.441029863855951,0.233565768522665,0.642102955665024,54,54,54,54,2026,reportable
1,confirmatory,4,component_size,0,component_singleton,3,cluster30,2,esm2-150m,aac-logistic,2,macro_f1,0.689150326797386,0.271848852901484,0.417301473895901,0.229508427932577,0.592807169625116,54,54,54,54,2026,reportable
1,confirmatory,4,component_size,1,component_02_04,3,cluster30,2,esm2-150m,aac-logistic,0,accuracy,NA,NA,NA,NA,NA,12,12,6,6,NA,insufficient_sequences
1,confirmatory,4,component_size,1,component_02_04,3,cluster30,2,esm2-150m,aac-logistic,1,balanced_accuracy,NA,NA,NA,NA,NA,12,12,6,6,NA,insufficient_sequences
1,confirmatory,4,component_size,1,component_02_04,3,cluster30,2,esm2-150m,aac-logistic,2,macro_f1,NA,NA,NA,NA,NA,12,12,6,6,NA,insufficient_sequences
1,confirmatory,4,component_size,2,component_05_09,3,cluster30,2,esm2-150m,aac-logistic,0,accuracy,NA,NA,NA,NA,NA,<5,NA,<3,NA,NA,privacy_suppressed
1,confirmatory,4,component_size,2,component_05_09,3,cluster30,2,esm2-150m,aac-logistic,1,balanced_accuracy,NA,NA,NA,NA,NA,<5,NA,<3,NA,NA,privacy_suppressed
1,confirmatory,4,component_size,2,component_05_09,3,cluster30,2,esm2-150m,aac-logistic,2,macro_f1,NA,NA,NA,NA,NA,<5,NA,<3,NA,NA,privacy_suppressed
1,confirmatory,4,component_size,3,component_10_19,3,cluster30,2,esm2-150m,aac-logistic,0,accuracy,NA,NA,NA,NA,NA,<5,NA,<3,NA,NA,privacy_suppressed
1,confirmatory,4,component_size,3,component_10_19,3,cluster30,2,esm2-150m,aac-logistic,1,balanced_accuracy,NA,NA,NA,NA,NA,<5,NA,<3,NA,NA,privacy_suppressed
1,confirmatory,4,component_size,3,component_10_19,3,cluster30,2,esm2-150m,aac-logistic,2,macro_f1,NA,NA,NA,NA,NA,<5,NA,<3,NA,NA,privacy_suppressed
1,confirmatory,4,component_size,4,component_20_plus,3,cluster30,2,esm2-150m,aac-logistic,0,accuracy,NA,NA,NA,NA,NA,<5,NA,<3,NA,NA,privacy_suppressed
1,confirmatory,4,component_size,4,component_20_plus,3,cluster30,2,esm2-150m,aac-logistic,1,balanced_accuracy,NA,NA,NA,NA,NA,<5,NA,<3,NA,NA,privacy_suppressed
1,confirmatory,4,component_size,4,component_20_plus,3,cluster30,2,esm2-150m,aac-logistic,2,macro_f1,NA,NA,NA,NA,NA,<5,NA,<3,NA,NA,privacy_suppressed
1,confirmatory,4,component_size,0,component_singleton,3,cluster30,3,esm2-150m,kmer3-logistic,0,accuracy,0.777777777777778,0.5,0.277777777777778,0.12962962962963,0.425925925925926,54,54,54,54,2026,reportable
1,confirmatory,4,component_size,0,component_singleton,3,cluster30,3,esm2-150m,kmer3-logistic,1,balanced_accuracy,0.69840799297321,0.364855072463768,0.333552920509442,0.159487332842596,0.522378857701438,54,54,54,54,2026,reportable
1,confirmatory,4,component_size,0,component_singleton,3,cluster30,3,esm2-150m,kmer3-logistic,2,macro_f1,0.689150326797386,0.326938775510204,0.362211551287182,0.194282338981894,0.519170444224809,54,54,54,54,2026,reportable
1,confirmatory,4,component_size,1,component_02_04,3,cluster30,3,esm2-150m,kmer3-logistic,0,accuracy,NA,NA,NA,NA,NA,12,12,6,6,NA,insufficient_sequences
1,confirmatory,4,component_size,1,component_02_04,3,cluster30,3,esm2-150m,kmer3-logistic,1,balanced_accuracy,NA,NA,NA,NA,NA,12,12,6,6,NA,insufficient_sequences
1,confirmatory,4,component_size,1,component_02_04,3,cluster30,3,esm2-150m,kmer3-logistic,2,macro_f1,NA,NA,NA,NA,NA,12,12,6,6,NA,insufficient_sequences
1,confirmatory,4,component_size,2,component_05_09,3,cluster30,3,esm2-150m,kmer3-logistic,0,accuracy,NA,NA,NA,NA,NA,<5,NA,<3,NA,NA,privacy_suppressed
1,confirmatory,4,component_size,2,component_05_09,3,cluster30,3,esm2-150m,kmer3-logistic,1,balanced_accuracy,NA,NA,NA,NA,NA,<5,NA,<3,NA,NA,privacy_suppressed
1,confirmatory,4,component_size,2,component_05_09,3,cluster30,3,esm2-150m,kmer3-logistic,2,macro_f1,NA,NA,NA,NA,NA,<5,NA,<3,NA,NA,privacy_suppressed
1,confirmatory,4,component_size,3,component_10_19,3,cluster30,3,esm2-150m,kmer3-logistic,0,accuracy,NA,NA,NA,NA,NA,<5,NA,<3,NA,NA,privacy_suppressed
1,confirmatory,4,component_size,3,component_10_19,3,cluster30,3,esm2-150m,kmer3-logistic,1,balanced_accuracy,NA,NA,NA,NA,NA,<5,NA,<3,NA,NA,privacy_suppressed
1,confirmatory,4,component_size,3,component_10_19,3,cluster30,3,esm2-150m,kmer3-logistic,2,macro_f1,NA,NA,NA,NA,NA,<5,NA,<3,NA,NA,privacy_suppressed
1,confirmatory,4,component_size,4,component_20_plus,3,cluster30,3,esm2-150m,kmer3-logistic,0,accuracy,NA,NA,NA,NA,NA,<5,NA,<3,NA,NA,privacy_suppressed
1,confirmatory,4,component_size,4,component_20_plus,3,cluster30,3,esm2-150m,kmer3-logistic,1,balanced_accuracy,NA,NA,NA,NA,NA,<5,NA,<3,NA,NA,privacy_suppressed
1,confirmatory,4,component_size,4,component_20_plus,3,cluster30,3,esm2-150m,kmer3-logistic,2,macro_f1,NA,NA,NA,NA,NA,<5,NA,<3,NA,NA,privacy_suppressed
1,confirmatory,4,component_size,0,component_singleton,3,cluster30,4,esm2-150m,esm2-35m,0,accuracy,0.777777777777778,0.740740740740741,0.037037037037037,-0.037037037037037,0.12962962962963,54,54,54,54,2026,reportable
1,confirmatory,4,component_size,0,component_singleton,3,cluster30,4,esm2-150m,esm2-35m,1,balanced_accuracy,0.69840799297321,0.671530522617479,0.026877470355731,-0.04,0.097241161616162,54,54,54,54,2026,reportable
1,confirmatory,4,component_size,0,component_singleton,3,cluster30,4,esm2-150m,esm2-35m,2,macro_f1,0.689150326797386,0.672836581441087,0.016313745356298,-0.068327414136431,0.102485455356338,54,54,54,54,2026,reportable
1,confirmatory,4,component_size,1,component_02_04,3,cluster30,4,esm2-150m,esm2-35m,0,accuracy,NA,NA,NA,NA,NA,12,12,6,6,NA,insufficient_sequences
1,confirmatory,4,component_size,1,component_02_04,3,cluster30,4,esm2-150m,esm2-35m,1,balanced_accuracy,NA,NA,NA,NA,NA,12,12,6,6,NA,insufficient_sequences
1,confirmatory,4,component_size,1,component_02_04,3,cluster30,4,esm2-150m,esm2-35m,2,macro_f1,NA,NA,NA,NA,NA,12,12,6,6,NA,insufficient_sequences
1,confirmatory,4,component_size,2,component_05_09,3,cluster30,4,esm2-150m,esm2-35m,0,accuracy,NA,NA,NA,NA,NA,<5,NA,<3,NA,NA,privacy_suppressed
1,confirmatory,4,component_size,2,component_05_09,3,cluster30,4,esm2-150m,esm2-35m,1,balanced_accuracy,NA,NA,NA,NA,NA,<5,NA,<3,NA,NA,privacy_suppressed
1,confirmatory,4,component_size,2,component_05_09,3,cluster30,4,esm2-150m,esm2-35m,2,macro_f1,NA,NA,NA,NA,NA,<5,NA,<3,NA,NA,privacy_suppressed
1,confirmatory,4,component_size,3,component_10_19,3,cluster30,4,esm2-150m,esm2-35m,0,accuracy,NA,NA,NA,NA,NA,<5,NA,<3,NA,NA,privacy_suppressed
1,confirmatory,4,component_size,3,component_10_19,3,cluster30,4,esm2-150m,esm2-35m,1,balanced_accuracy,NA,NA,NA,NA,NA,<5,NA,<3,NA,NA,privacy_suppressed
1,confirmatory,4,component_size,3,component_10_19,3,cluster30,4,esm2-150m,esm2-35m,2,macro_f1,NA,NA,NA,NA,NA,<5,NA,<3,NA,NA,privacy_suppressed
1,confirmatory,4,component_size,4,component_20_plus,3,cluster30,4,esm2-150m,esm2-35m,0,accuracy,NA,NA,NA,NA,NA,<5,NA,<3,NA,NA,privacy_suppressed
1,confirmatory,4,component_size,4,component_20_plus,3,cluster30,4,esm2-150m,esm2-35m,1,balanced_accuracy,NA,NA,NA,NA,NA,<5,NA,<3,NA,NA,privacy_suppressed
1,confirmatory,4,component_size,4,component_20_plus,3,cluster30,4,esm2-150m,esm2-35m,2,macro_f1,NA,NA,NA,NA,NA,<5,NA,<3,NA,NA,privacy_suppressed
